sampleid,taxa,count,measurement,x1,x2,x3,x4,x5,x6,x7,x8,x9,x10,x11,x12,x13,x14,x15,x16,x17,x18,x19,x20,x21,x22,x23,x24,x25,x26,x27,x28,x29,x30,x31,x32,x33,x34,x35,x36,x37,x38,x39,x40,x41,x42,x43
P18012243001,planorbidae,1,SL,2.51,,,,,,,,,,,,,,,,,,,,,,,,,,,,,,,,,,,,,,,,,,
P18012243001,planorbidae,1,AL,0.93,,,,,,,,,,,,,,,,,,,,,,,,,,,,,,,,,,,,,,,,,,
P18012243001,planorbidae,1,AW,0.97,,,,,,,,,,,,,,,,,,,,,,,,,,,,,,,,,,,,,,,,,,
P18012243001,physidae,1,SL,5.32,,,,,,,,,,,,,,,,,,,,,,,,,,,,,,,,,,,,,,,,,,
P18012243001,physidae,1,AL,3.71,,,,,,,,,,,,,,,,,,,,,,,,,,,,,,,,,,,,,,,,,,
P18012243001,physidae,1,AW,1.68,,,,,,,,,,,,,,,,,,,,,,,,,,,,,,,,,,,,,,,,,,
P18012243001,chaoboridae,3,BL,3.94,2.61,1.7,,,,,,,,,,,,,,,,,,,,,,,,,,,,,,,,,,,,,,,,
P18012243001,chaoboridae,3,HW,0.34,0.25,0.27,,,,,,,,,,,,,,,,,,,,,,,,,,,,,,,,,,,,,,,,
P18012243001,diptera,1,BL,1.98,,,,,,,,,,,,,,,,,,,,,,,,,,,,,,,,,,,,,,,,,,
P18012243001,diptera,1,HW,0.47,,,,,,,,,,,,,,,,,,,,,,,,,,,,,,,,,,,,,,,,,,
P18012243007,chaoboridae,2,BL,8.05,9.3,,,,,,,,,,,,,,,,,,,,,,,,,,,,,,,,,,,,,,,,,
P18012243007,chaoboridae,2,HW,0.74,0.64,,,,,,,,,,,,,,,,,,,,,,,,,,,,,,,,,,,,,,,,,
P18012243007,planorbidae,1,SL,2.06,,,,,,,,,,,,,,,,,,,,,,,,,,,,,,,,,,,,,,,,,,
P18012243007,planorbidae,1,AL,0.89,,,,,,,,,,,,,,,,,,,,,,,,,,,,,,,,,,,,,,,,,,
P18012243007,planorbidae,1,AW,0.74,,,,,,,,,,,,,,,,,,,,,,,,,,,,,,,,,,,,,,,,,,
P18012243007,diptera,1,BL,3.65,,,,,,,,,,,,,,,,,,,,,,,,,,,,,,,,,,,,,,,,,,
P18012243007,diptera,1,HW,0.57,,,,,,,,,,,,,,,,,,,,,,,,,,,,,,,,,,,,,,,,,,
P18012243007,chironomidae,4,BL,5.54,6.35,7.4,4.22,,,,,,,,,,,,,,,,,,,,,,,,,,,,,,,,,,,,,,,
P18012243007,chironomidae,4,HW,0.4,0.31,0.27,0.18,,,,,,,,,,,,,,,,,,,,,,,,,,,,,,,,,,,,,,,
P18012243002,chironomidae,4,BL,4.3,22.02,6.8,8.86,,,,,,,,,,,,,,,,,,,,,,,,,,,,,,,,,,,,,,,
P18012243002,chironomidae,4,HW,0.3,0.51,0.47,0.37,,,,,,,,,,,,,,,,,,,,,,,,,,,,,,,,,,,,,,,
P18012243002,chaoboridae,9,BL,6.01,6.58,7.52,5.18,6.26,5.76,6.1,7.24,5.91,,,,,,,,,,,,,,,,,,,,,,,,,,,,,,,,,,
P18012243002,chaoboridae,9,HW,0.57,0.65,0.66,0.45,0.6,0.55,0.44,0.59,0.55,,,,,,,,,,,,,,,,,,,,,,,,,,,,,,,,,,
P18012243002,diptera,5,BL,4.05,4.18,4.86,4.55,4.37,,,,,,,,,,,,,,,,,,,,,,,,,,,,,,,,,,,,,,
P18012243002,diptera,5,HW,0.54,0.51,0.59,0.58,0.55,,,,,,,,,,,,,,,,,,,,,,,,,,,,,,,,,,,,,,
P18012243002,oligochaeta,6,BL,2.66,7.62,2.37,5.39,5.56,3.28,,,,,,,,,,,,,,,,,,,,,,,,,,,,,,,,,,,,,
P18012243003,physidae,5,SL,3.83,3.97,3.42,5.1,5.53,,,,,,,,,,,,,,,,,,,,,,,,,,,,,,,,,,,,,,
P18012243003,physidae,5,AL,1.63,2.84,2.27,3.01,3.96,,,,,,,,,,,,,,,,,,,,,,,,,,,,,,,,,,,,,,
P18012243003,physidae,5,AW,1.27,1.31,1.17,1.89,1.73,,,,,,,,,,,,,,,,,,,,,,,,,,,,,,,,,,,,,,
P18012243003,planorbidae,1,SL,3.12,,,,,,,,,,,,,,,,,,,,,,,,,,,,,,,,,,,,,,,,,,
P18012243003,planorbidae,1,AL,1.49,,,,,,,,,,,,,,,,,,,,,,,,,,,,,,,,,,,,,,,,,,
P18012243003,planorbidae,1,AW,1.07,,,,,,,,,,,,,,,,,,,,,,,,,,,,,,,,,,,,,,,,,,
P18012243004,chaoboridae,5,BL,7.13,7.95,6.57,4.73,8.22,,,,,,,,,,,,,,,,,,,,,,,,,,,,,,,,,,,,,,
P18012243004,chaoboridae,5,HW,0.4,0.56,0.52,0.48,0.56,,,,,,,,,,,,,,,,,,,,,,,,,,,,,,,,,,,,,,
P18012243004,chironomidae,3,BL,5.22,5.97,7.9,,,,,,,,,,,,,,,,,,,,,,,,,,,,,,,,,,,,,,,,
P18012243004,chironomidae,3,HW,0.39,0.33,0.55,,,,,,,,,,,,,,,,,,,,,,,,,,,,,,,,,,,,,,,,
P18012243004,diptera,1,BL,4.37,,,,,,,,,,,,,,,,,,,,,,,,,,,,,,,,,,,,,,,,,,
P18012243004,diptera,1,HW,0.31,,,,,,,,,,,,,,,,,,,,,,,,,,,,,,,,,,,,,,,,,,
P18012243004,planorbidae,1,SL,2.19,,,,,,,,,,,,,,,,,,,,,,,,,,,,,,,,,,,,,,,,,,
P18012243004,planorbidae,1,AW,0.75,,,,,,,,,,,,,,,,,,,,,,,,,,,,,,,,,,,,,,,,,,
P18012243004,planorbidae,1,AL,1.06,,,,,,,,,,,,,,,,,,,,,,,,,,,,,,,,,,,,,,,,,,
P18012243004,oligochaeta,3,BL,3.78,2.71,3.17,,,,,,,,,,,,,,,,,,,,,,,,,,,,,,,,,,,,,,,,
P18012243005,chaoboridae,1,BL,6.12,,,,,,,,,,,,,,,,,,,,,,,,,,,,,,,,,,,,,,,,,,
P18012243005,chaoboridae,1,HW,0.55,,,,,,,,,,,,,,,,,,,,,,,,,,,,,,,,,,,,,,,,,,
P18012243005,chironomidae,6,BL,5.72,8.18,9.43,5.38,14.24,8.74,,,,,,,,,,,,,,,,,,,,,,,,,,,,,,,,,,,,,
P18012243005,chironomidae,6,HW,0.27,0.37,0.33,0.33,0.48,0.35,,,,,,,,,,,,,,,,,,,,,,,,,,,,,,,,,,,,,
P18012243005,physidae,2,SL,5.86,4.79,,,,,,,,,,,,,,,,,,,,,,,,,,,,,,,,,,,,,,,,,
P18012243005,physidae,2,AL,4.12,3.1,,,,,,,,,,,,,,,,,,,,,,,,,,,,,,,,,,,,,,,,,
P18012243005,physidae,2,AW,2.12,1.58,,,,,,,,,,,,,,,,,,,,,,,,,,,,,,,,,,,,,,,,,
P18012243005,oligochaeta,2,BL,32.84,17.37,,,,,,,,,,,,,,,,,,,,,,,,,,,,,,,,,,,,,,,,,
P18012243006,physidae,1,SL,10.6,,,,,,,,,,,,,,,,,,,,,,,,,,,,,,,,,,,,,,,,,,
P18012243006,physidae,1,AL,7.9,,,,,,,,,,,,,,,,,,,,,,,,,,,,,,,,,,,,,,,,,,
P18012243006,physidae,1,AW,3.07,,,,,,,,,,,,,,,,,,,,,,,,,,,,,,,,,,,,,,,,,,
P18012243006,chironomidae,6,BL,4.83,5.42,6.34,5.33,6.65,8.91,,,,,,,,,,,,,,,,,,,,,,,,,,,,,,,,,,,,,
P18012243006,chironomidae,6,HW,0.33,0.33,0.45,0.32,0.37,0.27,,,,,,,,,,,,,,,,,,,,,,,,,,,,,,,,,,,,,
P18012243006,planorbidae,2,SL,2.84,3.36,,,,,,,,,,,,,,,,,,,,,,,,,,,,,,,,,,,,,,,,,
P18012243006,planorbidae,2,AL,1.39,1.49,,,,,,,,,,,,,,,,,,,,,,,,,,,,,,,,,,,,,,,,,
P18012243006,planorbidae,2,AW,1.2,1.16,,,,,,,,,,,,,,,,,,,,,,,,,,,,,,,,,,,,,,,,,
P18012243008,chaoboridae,9,BL,7.11,10.84,6.19,6.75,7.83,6.82,6,8.25,8.08,,,,,,,,,,,,,,,,,,,,,,,,,,,,,,,,,,
P18012243008,chaoboridae,9,HW,0.68,0.56,0.52,0.5,0.63,0.54,0.36,0.63,0.71,,,,,,,,,,,,,,,,,,,,,,,,,,,,,,,,,,
P18012243008,diptera,2,BL,5.88,3.58,,,,,,,,,,,,,,,,,,,,,,,,,,,,,,,,,,,,,,,,,
P18012243008,diptera,2,HW,0.57,0.65,,,,,,,,,,,,,,,,,,,,,,,,,,,,,,,,,,,,,,,,,
P18012243008,hirudinea,1,BL,0.69,,,,,,,,,,,,,,,,,,,,,,,,,,,,,,,,,,,,,,,,,,
P18012243008,chironomidae,1,BL,4.81,,,,,,,,,,,,,,,,,,,,,,,,,,,,,,,,,,,,,,,,,,
P18012243008,chironomidae,1,HW,0.39,,,,,,,,,,,,,,,,,,,,,,,,,,,,,,,,,,,,,,,,,,
P18012243009,diptera,5,BL,6.22,5.08,4.15,4.21,4.97,,,,,,,,,,,,,,,,,,,,,,,,,,,,,,,,,,,,,,
P18012243009,diptera,5,HW,0.43,0.42,0.45,0.45,0.52,,,,,,,,,,,,,,,,,,,,,,,,,,,,,,,,,,,,,,
P18012243009,chaoboridae,14,BL,6.2,6.63,6.8,6.37,7.13,7.25,8.03,7.55,9.8,7.6,7.3,6.04,6.85,4.12,,,,,,,,,,,,,,,,,,,,,,,,,,,,,
P18012243009,chaoboridae,14,HW,0.51,0.43,0.45,0.46,0.53,0.55,0.42,0.5,0.56,0.54,0.51,0.46,0.45,0.28,,,,,,,,,,,,,,,,,,,,,,,,,,,,,
P18012243009,chironomidae,2,BL,2.87,3.8,,,,,,,,,,,,,,,,,,,,,,,,,,,,,,,,,,,,,,,,,
P18012243009,chironomidae,2,HW,0.3,0.45,,,,,,,,,,,,,,,,,,,,,,,,,,,,,,,,,,,,,,,,,
P18012243009,oligochaeta,1,BL,12.25,,,,,,,,,,,,,,,,,,,,,,,,,,,,,,,,,,,,,,,,,,
P18012243010,physidae,4,SL,8.52,,,,,,,,,,,,,,,,,,,,,,,,,,,,,,,,,,,,,,,,,,
P18012243010,physidae,4,AL,5.26,,,,,,,,,,,,,,,,,,,,,,,,,,,,,,,,,,,,,,,,,,
P18012243010,physidae,4,AW,2.15,,,,,,,,,,,,,,,,,,,,,,,,,,,,,,,,,,,,,,,,,,
P18012243010,planorbidae,3,SL,3.86,3.25,3.3,,,,,,,,,,,,,,,,,,,,,,,,,,,,,,,,,,,,,,,,
P18012243010,planorbidae,3,AL,2.91,1.22,1.04,,,,,,,,,,,,,,,,,,,,,,,,,,,,,,,,,,,,,,,,
P18012243010,planorbidae,3,AW,1.23,1.19,1.56,,,,,,,,,,,,,,,,,,,,,,,,,,,,,,,,,,,,,,,,
P18090183001,chironomidae,4,BL,4.32,6.19,NA,NA,,,,,,,,,,,,,,,,,,,,,,,,,,,,,,,,,,,,,,,
P18090183001,chironomidae,4,HW,0.36,0.37,0.55,0.53,,,,,,,,,,,,,,,,,,,,,,,,,,,,,,,,,,,,,,,
P18090183001,oligochaeta,6,BL,16.77,2.25,2.97,3.37,8.15,6.63,,,,,,,,,,,,,,,,,,,,,,,,,,,,,,,,,,,,,
P18090183002,chironomidae,34,BL,6.09,7.9,15.51,8.16,18.51,14.16,11.91,6.32,7.58,6.9,9.82,7.37,7.84,6.71,9,19.12,12.69,14.47,9.44,8.78,11.34,7.16,12.43,7.22,11.72,12.86,7.42,13.85,6.89,6.19,7.44,7.04,11.82,15.51,,,,,,,,,
P18090183002,chironomidae,34,HW,0.27,0.28,0.48,0.26,0.5,0.41,0.44,0.27,0.24,0.38,0.43,0.24,0.49,0.38,0.45,0.49,0.41,0.52,0.4,0.38,0.37,0.48,0.41,0.25,0.4,0.39,0.39,0.43,0.26,0.26,0.32,0.38,0.43,0.5,,,,,,,,,
P18090183002,chaoboridae,1,BL,6.97,,,,,,,,,,,,,,,,,,,,,,,,,,,,,,,,,,,,,,,,,,
P18090183002,chaoboridae,1,HW,0.49,,,,,,,,,,,,,,,,,,,,,,,,,,,,,,,,,,,,,,,,,,
P18090183002,oligochaeta,6,BL,4.89,3.4,6.24,4.03,5.23,3.94,,,,,,,,,,,,,,,,,,,,,,,,,,,,,,,,,,,,,
P18090183002,diptera,2,BL,4.58,7.4,,,,,,,,,,,,,,,,,,,,,,,,,,,,,,,,,,,,,,,,,
P18090183002,diptera,2,HW,0.5,0.69,,,,,,,,,,,,,,,,,,,,,,,,,,,,,,,,,,,,,,,,,
P18090183003,chironomidae,10,BL,22.12,14.5,23.1,14.59,9.83,21.17,10.59,15.84,15.77,20.61,,,,,,,,,,,,,,,,,,,,,,,,,,,,,,,,,
P18090183003,chironomidae,10,HW,0.64,0.41,0.61,0.35,0.56,0.54,0.42,0.63,0.43,0.6,,,,,,,,,,,,,,,,,,,,,,,,,,,,,,,,,
P18090183003,oligochaeta,1,BL,3.81,,,,,,,,,,,,,,,,,,,,,,,,,,,,,,,,,,,,,,,,,,
P18090183004,chironomidae,14,BL,20.03,23.27,20.84,17.92,12.84,23.21,17.71,10.1,22.87,14.76,22.64,15.63,13.82,22.94,,,,,,,,,,,,,,,,,,,,,,,,,,,,,
P18090183004,chironomidae,14,HW,0.55,0.63,0.58,0.55,0.59,0.6,0.61,0.51,0.42,0.57,0.6,0.62,0.49,0.59,,,,,,,,,,,,,,,,,,,,,,,,,,,,,
P18090183004,ceratopogonidae,1,BL,10.35,,,,,,,,,,,,,,,,,,,,,,,,,,,,,,,,,,,,,,,,,,
P18090183004,ceratopogonidae,1,HW,0.59,,,,,,,,,,,,,,,,,,,,,,,,,,,,,,,,,,,,,,,,,,
P18090183004,ephemeroptera,1,BL,3.44,,,,,,,,,,,,,,,,,,,,,,,,,,,,,,,,,,,,,,,,,,
P18090183004,ephemeroptera,1,HW,0.87,,,,,,,,,,,,,,,,,,,,,,,,,,,,,,,,,,,,,,,,,,
P18090183005,oligochaeta,2,BL,11.95,6.35,,,,,,,,,,,,,,,,,,,,,,,,,,,,,,,,,,,,,,,,,
P18090183005,chironomidae,15,BL,24.79,15.47,12.29,17.41,10.75,6.06,21.71,19.63,14.28,25.15,20.72,23.19,23.88,21.87,21.97,,,,,,,,,,,,,,,,,,,,,,,,,,,,
P18090183005,chironomidae,15,HW,0.57,0.42,0.41,0.64,0.45,0.44,0.66,0.58,0.39,0.59,0.58,0.62,0.6,0.58,0.55,,,,,,,,,,,,,,,,,,,,,,,,,,,,
P18090183006,chironomidae,15,BL,21.21,21.34,23.63,23.43,21.91,20.8,21.2,22.58,8.66,24.94,13.92,22.98,10.12,22.05,24.42,,,,,,,,,,,,,,,,,,,,,,,,,,,,
P18090183006,chironomidae,15,HW,0.58,0.54,0.63,0.56,0.56,0.54,0.6,0.54,0.48,0.62,0.4,0.53,0.5,0.54,0.53,,,,,,,,,,,,,,,,,,,,,,,,,,,,
P18090183007,chironomidae,10,BL,16.67,19.26,13.75,23.95,13.68,12.5,11.65,24.91,14.22,16.79,,,,,,,,,,,,,,,,,,,,,,,,,,,,,,,,,
P18090183007,chironomidae,10,HW,0.41,0.59,0.39,0.54,0.42,0.45,0.41,0.59,0.4,0.49,,,,,,,,,,,,,,,,,,,,,,,,,,,,,,,,,
P18090183007,oligochaeta,2,BL,3.81,3.27,,,,,,,,,,,,,,,,,,,,,,,,,,,,,,,,,,,,,,,,,
P18090183008,chironomidae,15,BL,22.67,21.83,23.91,23.32,19.86,19.94,23.52,22.25,21.43,24.28,24.03,20.93,23.26,15.44,21.8,,,,,,,,,,,,,,,,,,,,,,,,,,,,
P18090183008,chironomidae,15,HW,0.58,0.62,0.54,0.56,0.53,0.47,0.57,0.5,0.55,0.52,0.53,0.51,0.6,0.42,0.61,,,,,,,,,,,,,,,,,,,,,,,,,,,,
P18090183008,hirudinea,1,BL,3.77,,,,,,,,,,,,,,,,,,,,,,,,,,,,,,,,,,,,,,,,,,
P18090183009,chironomidae,NA,BL,NA,,,,,,,,,,,,,,,,,,,,,,,,,,,,,,,,,,,,,,,,,,
P18090183009,chironomidae,NA,HW,NA,,,,,,,,,,,,,,,,,,,,,,,,,,,,,,,,,,,,,,,,,,
P18090183009,trichoptera,1,BL,5.04,,,,,,,,,,,,,,,,,,,,,,,,,,,,,,,,,,,,,,,,,,
P18090183009,trichoptera,1,HW,0.78,,,,,,,,,,,,,,,,,,,,,,,,,,,,,,,,,,,,,,,,,,
P18090183010,chironomidae,3,BL,21.97,20.97,23.37,,,,,,,,,,,,,,,,,,,,,,,,,,,,,,,,,,,,,,,,
P18090183010,chironomidae,3,HW,0.51,0.59,0.55,,,,,,,,,,,,,,,,,,,,,,,,,,,,,,,,,,,,,,,,
P18090183010,oligochaeta,1,BL,2.76,,,,,,,,,,,,,,,,,,,,,,,,,,,,,,,,,,,,,,,,,,
P18019163001,oligochaeta,6,BL,13.03,6.56,6.87,16.84,10.16,3.95,,,,,,,,,,,,,,,,,,,,,,,,,,,,,,,,,,,,,
P18019163001,ceratopogonidae,1,BL,8.28,,,,,,,,,,,,,,,,,,,,,,,,,,,,,,,,,,,,,,,,,,
P18019163001,ceratopogonidae,1,HW,0.28,,,,,,,,,,,,,,,,,,,,,,,,,,,,,,,,,,,,,,,,,,
P18019163002,oligochaeta,6,BL,13.88,13.12,7.56,7.32,22.36,7.76,,,,,,,,,,,,,,,,,,,,,,,,,,,,,,,,,,,,,
P18019163002,diptera,1,BL,5.7,,,,,,,,,,,,,,,,,,,,,,,,,,,,,,,,,,,,,,,,,,
P18019163002,diptera,1,HW,0.58,,,,,,,,,,,,,,,,,,,,,,,,,,,,,,,,,,,,,,,,,,
P18019163003,chaoboridae,1,BL,7.91,,,,,,,,,,,,,,,,,,,,,,,,,,,,,,,,,,,,,,,,,,
P18019163003,chaoboridae,1,ASL,0.43,,,,,,,,,,,,,,,,,,,,,,,,,,,,,,,,,,,,,,,,,,
P18019163003,oligochaeta,7,BL,9.48,15.32,16.46,17.47,9.62,11.68,9.8,,,,,,,,,,,,,,,,,,,,,,,,,,,,,,,,,,,,
P18019163004,oligochaeta,1,BL,19.65,,,,,,,,,,,,,,,,,,,,,,,,,,,,,,,,,,,,,,,,,,
P18019163004,chironomidae,3,BL,5.9,12.43,11.8,,,,,,,,,,,,,,,,,,,,,,,,,,,,,,,,,,,,,,,,
P18019163004,chironomidae,3,HW,0.27,0.48,0.58,,,,,,,,,,,,,,,,,,,,,,,,,,,,,,,,,,,,,,,,
P18019163005,chaoboridae,1,ASL,0.31,,,,,,,,,,,,,,,,,,,,,,,,,,,,,,,,,,,,,,,,,,
P18019163005,ceratopogonidae,1,BL,13.17,,,,,,,,,,,,,,,,,,,,,,,,,,,,,,,,,,,,,,,,,,
P18019163005,ceratopogonidae,1,HW,0.27,,,,,,,,,,,,,,,,,,,,,,,,,,,,,,,,,,,,,,,,,,
P18019163005,chironomidae,5,BL,8.5,10.84,16.78,18.26,15.06,,,,,,,,,,,,,,,,,,,,,,,,,,,,,,,,,,,,,,
P18019163005,chironomidae,5,HW,0.33,0.58,0.47,0.57,0.54,,,,,,,,,,,,,,,,,,,,,,,,,,,,,,,,,,,,,,
P18019163006,oligochaeta,3,BL,15.83,9,11.85,,,,,,,,,,,,,,,,,,,,,,,,,,,,,,,,,,,,,,,,
P18019163007,chironomidae,14,BL,3.28,6.46,4.73,5.3,34,5.52,4.22,3.74,4.29,19.83,3.68,6.26,6.58,4.65,,,,,,,,,,,,,,,,,,,,,,,,,,,,,
P18019163007,chironomidae,14,HW,0.42,0.28,0.34,0.32,0.61,0.32,0.4,0.33,0.32,0.38,0.3,0.49,0.46,0.36,,,,,,,,,,,,,,,,,,,,,,,,,,,,,
P18019163007,ceratopogonidae,3,BL,9.41,8.7,9.42,,,,,,,,,,,,,,,,,,,,,,,,,,,,,,,,,,,,,,,,
P18019163007,ceratopogonidae,3,HW,0.27,0.2,0.25,,,,,,,,,,,,,,,,,,,,,,,,,,,,,,,,,,,,,,,,
P18019163007,oligochaeta,1,BL,6.84,,,,,,,,,,,,,,,,,,,,,,,,,,,,,,,,,,,,,,,,,,
P18019163008,chironomidae,9,BL,4.65,13.04,10.44,8.83,5.06,5.32,5.15,6.57,4.03,,,,,,,,,,,,,,,,,,,,,,,,,,,,,,,,,,
P18019163008,chironomidae,9,HW,0.27,0.46,0.31,0.43,0.41,0.33,0.36,0.35,0.23,,,,,,,,,,,,,,,,,,,,,,,,,,,,,,,,,,
P18019163009,oligochaeta,8,BL,7.16,15.13,9.29,8.59,12.31,8.48,9.8,7.65,,,,,,,,,,,,,,,,,,,,,,,,,,,,,,,,,,,
P18019163010,chironomidae,4,BL,4.25,6.29,6.3,3.62,,,,,,,,,,,,,,,,,,,,,,,,,,,,,,,,,,,,,,,
P18019163010,chironomidae,4,HW,0.38,0.33,0.32,0.56,,,,,,,,,,,,,,,,,,,,,,,,,,,,,,,,,,,,,,,
P18019163010,oligochaeta,4,BL,12.65,10.94,8.65,6.12,,,,,,,,,,,,,,,,,,,,,,,,,,,,,,,,,,,,,,,
P18019163010,chaoboridae,4,ASL,0.41,0.31,0.42,0.48,,,,,,,,,,,,,,,,,,,,,,,,,,,,,,,,,,,,,,,
P18019163010,chaoboridae,4,BL,3.83,4.99,7.21,7.03,,,,,,,,,,,,,,,,,,,,,,,,,,,,,,,,,,,,,,,
P18036163001,oligochaeta,7,BL,4.19,12.56,9.59,18.03,5.31,5.87,15.29,,,,,,,,,,,,,,,,,,,,,,,,,,,,,,,,,,,,
P18036163002,chironomidae,18,BL,5.21,7.91,4.63,4.36,5.6,4.17,5.76,4.67,5.66,6.83,6.56,3.95,8.03,5.6,4.97,4.48,4.92,8.62,,,,,,,,,,,,,,,,,,,,,,,,,
P18036163002,chironomidae,18,HW,0.21,0.3,0.23,0.31,0.39,0.31,0.34,0.25,0.38,0.23,0.19,0.3,0.31,0.32,0.48,0.3,0.32,0.29,,,,,,,,,,,,,,,,,,,,,,,,,
P18036163002,ephemeroptera,2,BL,10.79,7.08,,,,,,,,,,,,,,,,,,,,,,,,,,,,,,,,,,,,,,,,,
P18036163002,ephemeroptera,2,HW,1.31,1.05,,,,,,,,,,,,,,,,,,,,,,,,,,,,,,,,,,,,,,,,,
P18036163002,oligochaeta,4,BL,11.05,9.51,14.75,14.73,,,,,,,,,,,,,,,,,,,,,,,,,,,,,,,,,,,,,,,
P18036163003,oligochaeta,1,BL,21.61,,,,,,,,,,,,,,,,,,,,,,,,,,,,,,,,,,,,,,,,,,
P18036163004,ceratopogonidae,1,HW,0.24,,,,,,,,,,,,,,,,,,,,,,,,,,,,,,,,,,,,,,,,,,
P18036163004,ceratopogonidae,1,BL,11.1,,,,,,,,,,,,,,,,,,,,,,,,,,,,,,,,,,,,,,,,,,
P18036163004,chironomidae,2,BL,5.63,12.68,,,,,,,,,,,,,,,,,,,,,,,,,,,,,,,,,,,,,,,,,
P18036163004,chironomidae,2,HW,0.26,0.36,,,,,,,,,,,,,,,,,,,,,,,,,,,,,,,,,,,,,,,,,
P18036163004,ephemeroptera,1,BL,NA,,,,,,,,,,,,,,,,,,,,,,,,,,,,,,,,,,,,,,,,,,
P18036163004,ephemeroptera,1,HW,0.97,,,,,,,,,,,,,,,,,,,,,,,,,,,,,,,,,,,,,,,,,,
P18036163005,chironomidae,6,BL,8.32,9.14,10.68,7.72,6.66,20.81,,,,,,,,,,,,,,,,,,,,,,,,,,,,,,,,,,,,,
P18036163005,chironomidae,6,HW,0.34,0.52,0.34,0.47,0.67,0.61,,,,,,,,,,,,,,,,,,,,,,,,,,,,,,,,,,,,,
P18036163005,oligochaeta,3,BL,15.55,10.06,12.54,,,,,,,,,,,,,,,,,,,,,,,,,,,,,,,,,,,,,,,,
P18036163006,ephemeroptera,1,BL,NA,,,,,,,,,,,,,,,,,,,,,,,,,,,,,,,,,,,,,,,,,,
P18036163006,ephemeroptera,1,HW,1.47,,,,,,,,,,,,,,,,,,,,,,,,,,,,,,,,,,,,,,,,,,
P18036163006,chironomidae,5,BL,7.34,5.56,7.69,8.37,2.87,,,,,,,,,,,,,,,,,,,,,,,,,,,,,,,,,,,,,,
P18036163006,chironomidae,5,HW,0.31,0.37,0.38,0.4,0.38,,,,,,,,,,,,,,,,,,,,,,,,,,,,,,,,,,,,,,
P18036163006,diptera,1,BL,9.31,,,,,,,,,,,,,,,,,,,,,,,,,,,,,,,,,,,,,,,,,,
P18036163007,chironomidae,3,BL,10.18,5.31,8.86,,,,,,,,,,,,,,,,,,,,,,,,,,,,,,,,,,,,,,,,
P18036163007,chironomidae,3,HW,0.35,0.6,0.34,,,,,,,,,,,,,,,,,,,,,,,,,,,,,,,,,,,,,,,,
P18036163007,oligochaeta,2,BL,12.49,11.15,,,,,,,,,,,,,,,,,,,,,,,,,,,,,,,,,,,,,,,,,
P18036163008,chironomidae,3,BL,7.38,8.93,3.83,,,,,,,,,,,,,,,,,,,,,,,,,,,,,,,,,,,,,,,,
P18036163008,chironomidae,3,HW,0.33,0.52,0.25,,,,,,,,,,,,,,,,,,,,,,,,,,,,,,,,,,,,,,,,
P18036163008,oligochaeta,1,BL,4.13,,,,,,,,,,,,,,,,,,,,,,,,,,,,,,,,,,,,,,,,,,
P18036163009,chironomidae,14,BL,14.81,10.02,4.93,3.71,5.21,4.28,4.44,5.32,6.16,8.23,5.89,13.3,6.16,8.12,,,,,,,,,,,,,,,,,,,,,,,,,,,,,
P18036163009,chironomidae,14,HW,0.41,0.33,0.38,0.39,0.34,0.39,0.35,0.35,0.45,0.61,0.33,0.44,0.46,0.55,,,,,,,,,,,,,,,,,,,,,,,,,,,,,
P18036163009,trichoptera,1,BL,9.2,,,,,,,,,,,,,,,,,,,,,,,,,,,,,,,,,,,,,,,,,,
P18036163009,trichoptera,1,HW,0.96,,,,,,,,,,,,,,,,,,,,,,,,,,,,,,,,,,,,,,,,,,
P18036163009,oligochaeta,3,BL,9.02,10.53,9.31,,,,,,,,,,,,,,,,,,,,,,,,,,,,,,,,,,,,,,,,
P18036163010,chironomidae,5,BL,5.62,11.36,5.32,5.6,19.08,,,,,,,,,,,,,,,,,,,,,,,,,,,,,,,,,,,,,,
P18036163010,chironomidae,5,HW,0.31,0.36,0.21,0.32,0.59,,,,,,,,,,,,,,,,,,,,,,,,,,,,,,,,,,,,,,
P18105163001,no organisms ,NA,NA,,,,,,,,,,,,,,,,,,,,,,,,,,,,,,,,,,,,,,,,,,,
P18105163002,planorbidae,3,SL,3.26,3.84,4.82,,,,,,,,,,,,,,,,,,,,,,,,,,,,,,,,,,,,,,,,
P18105163002,planorbidae,3,AW,1.86,2.26,2.84,,,,,,,,,,,,,,,,,,,,,,,,,,,,,,,,,,,,,,,,
P18105163002,planorbidae,3,AL,1.54,1.6,1.89,,,,,,,,,,,,,,,,,,,,,,,,,,,,,,,,,,,,,,,,
P18105163002,chironomidae,7,BL,21.31,7.24,6.99,5.88,3.45,22.66,8.39,,,,,,,,,,,,,,,,,,,,,,,,,,,,,,,,,,,,
P18105163002,chironomidae,7,HW,0.59,0.31,0.47,0.34,0.34,0.52,0.51,,,,,,,,,,,,,,,,,,,,,,,,,,,,,,,,,,,,
P18105163002,corbiculidae,4,SL,2.68,2.26,2.62,2.63,,,,,,,,,,,,,,,,,,,,,,,,,,,,,,,,,,,,,,,
P18105163002,trichoptera,1,BL,NA,,,,,,,,,,,,,,,,,,,,,,,,,,,,,,,,,,,,,,,,,,
P18105163002,trichoptera,1,HW,NA,,,,,,,,,,,,,,,,,,,,,,,,,,,,,,,,,,,,,,,,,,
P18105163002,oligochaeta,8,BL,24.94,5.72,8.55,4.48,19.06,11.78,4.51,6.66,,,,,,,,,,,,,,,,,,,,,,,,,,,,,,,,,,,
P18105163003,chironomidae,2,BL,7.55,13.09,,,,,,,,,,,,,,,,,,,,,,,,,,,,,,,,,,,,,,,,,
P18105163003,chironomidae,2,HW,0.45,0.32,,,,,,,,,,,,,,,,,,,,,,,,,,,,,,,,,,,,,,,,,
P18105163003,oligochaeta,1,BL,13.85,,,,,,,,,,,,,,,,,,,,,,,,,,,,,,,,,,,,,,,,,,
P18105163004,chironomidae,8,BL,5.42,23.17,19.47,17.49,23.86,21.48,10.63,19.65,,,,,,,,,,,,,,,,,,,,,,,,,,,,,,,,,,,
P18105163004,chironomidae,8,HW,0.64,0.63,0.59,0.62,0.69,0.59,0.36,0.55,,,,,,,,,,,,,,,,,,,,,,,,,,,,,,,,,,,
P18105163004,ephemeroptera,1,BL,NA,,,,,,,,,,,,,,,,,,,,,,,,,,,,,,,,,,,,,,,,,,
P18105163004,ephemeroptera,1,HW,1.12,,,,,,,,,,,,,,,,,,,,,,,,,,,,,,,,,,,,,,,,,,
P18105163004,oligochaeta,1,BL,NA,,,,,,,,,,,,,,,,,,,,,,,,,,,,,,,,,,,,,,,,,,
P18105163005,chironomidae,4,BL,21.06,5.44,3.17,4.65,,,,,,,,,,,,,,,,,,,,,,,,,,,,,,,,,,,,,,,
P18105163005,chironomidae,4,HW,0.55,0.37,0.3,0.39,,,,,,,,,,,,,,,,,,,,,,,,,,,,,,,,,,,,,,,
P18105163005,bivalvia,2,SL,3.4,2.9,,,,,,,,,,,,,,,,,,,,,,,,,,,,,,,,,,,,,,,,,
P18105163005,oligochaeta,1,BL,6.32,,,,,,,,,,,,,,,,,,,,,,,,,,,,,,,,,,,,,,,,,,
P18105163006,chironomidae,11,BL,23.82,6.76,8.74,21.78,5.05,24.43,5.51,6.41,6.7,4.02,21.81,,,,,,,,,,,,,,,,,,,,,,,,,,,,,,,,
P18105163006,chironomidae,11,HW,0.6,0.28,0.55,0.59,0.19,0.63,0.34,0.32,0.42,0.43,0.57,,,,,,,,,,,,,,,,,,,,,,,,,,,,,,,,
P18105163006,diptera,1,BL,13.04,,,,,,,,,,,,,,,,,,,,,,,,,,,,,,,,,,,,,,,,,,
P18105163006,diptera,1,HW,0.99,,,,,,,,,,,,,,,,,,,,,,,,,,,,,,,,,,,,,,,,,,
P18105163006,oligochaeta,2,BL,14.92,12.25,,,,,,,,,,,,,,,,,,,,,,,,,,,,,,,,,,,,,,,,,
P18105163006,planorbidae,1,SL,3.55,,,,,,,,,,,,,,,,,,,,,,,,,,,,,,,,,,,,,,,,,,
P18105163006,planorbidae,1,AW,1.89,,,,,,,,,,,,,,,,,,,,,,,,,,,,,,,,,,,,,,,,,,
P18105163006,planorbidae,1,AL,1.56,,,,,,,,,,,,,,,,,,,,,,,,,,,,,,,,,,,,,,,,,,
P18105163007,chironomidae,5,BL,5.76,24.83,21.36,23.93,22.07,,,,,,,,,,,,,,,,,,,,,,,,,,,,,,,,,,,,,,
P18105163007,chironomidae,5,HW,0.31,0.57,0.57,0.57,0.58,,,,,,,,,,,,,,,,,,,,,,,,,,,,,,,,,,,,,,
P18105163007,sphaeriidae,1,SL,1.62,,,,,,,,,,,,,,,,,,,,,,,,,,,,,,,,,,,,,,,,,,
P18105163007,ceratopogonidae,1,BL,10.87,,,,,,,,,,,,,,,,,,,,,,,,,,,,,,,,,,,,,,,,,,
P18105163007,ceratopogonidae,1,HW,0.22,,,,,,,,,,,,,,,,,,,,,,,,,,,,,,,,,,,,,,,,,,
P18105163007,oligochaeta,2,BL,11.8,11.85,,,,,,,,,,,,,,,,,,,,,,,,,,,,,,,,,,,,,,,,,
P18105163007,sialidae,1,BL,11,,,,,,,,,,,,,,,,,,,,,,,,,,,,,,,,,,,,,,,,,,
P18105163007,sialidae,1,HW,1.04,,,,,,,,,,,,,,,,,,,,,,,,,,,,,,,,,,,,,,,,,,
P18105163008,chironomidae,10,BL,4.82,7.1,6.53,14.31,3.93,13.38,5.75,5.83,7.27,8.55,,,,,,,,,,,,,,,,,,,,,,,,,,,,,,,,,
P18105163008,chironomidae,10,HW,0.37,0.3,0.38,0.36,0.34,0.32,0.35,0.45,0.51,0.44,,,,,,,,,,,,,,,,,,,,,,,,,,,,,,,,,
P18105163008,oligochaeta,1,BL,13.57,,,,,,,,,,,,,,,,,,,,,,,,,,,,,,,,,,,,,,,,,,
P18105163009,chironomidae,8,BL,3.85,6.58,4.75,9.41,4.85,6.94,6.76,4.31,,,,,,,,,,,,,,,,,,,,,,,,,,,,,,,,,,,
P18105163009,chironomidae,8,HW,0.22,0.61,0.36,0.58,0.3,0.5,0.21,0.38,,,,,,,,,,,,,,,,,,,,,,,,,,,,,,,,,,,
P18105163009,molannidae,1,BL,5.36,,,,,,,,,,,,,,,,,,,,,,,,,,,,,,,,,,,,,,,,,,
P18105163009,molannidae,1,HW,0.75,,,,,,,,,,,,,,,,,,,,,,,,,,,,,,,,,,,,,,,,,,
P18105163009,oligochaeta,2,BL,21.2,18.3,,,,,,,,,,,,,,,,,,,,,,,,,,,,,,,,,,,,,,,,,
P18105163009,sialidae,5,BL,6.23,7.74,9.72,9.64,8.2,,,,,,,,,,,,,,,,,,,,,,,,,,,,,,,,,,,,,,
P18105163009,sialidae,5,HW,1.07,0.99,1.22,1.39,0.92,,,,,,,,,,,,,,,,,,,,,,,,,,,,,,,,,,,,,,
P18105163010,ceratopogonidae,2,BL,9.8,10.19,,,,,,,,,,,,,,,,,,,,,,,,,,,,,,,,,,,,,,,,,
P18105163010,ceratopogonidae,2,HW,0.25,0.25,,,,,,,,,,,,,,,,,,,,,,,,,,,,,,,,,,,,,,,,,
P18105163010,chironomidae,16,BL,7.53,4.42,8.4,8.98,7.49,4.5,5.17,2.51,3.35,9.38,4.55,6.31,5.74,4.57,4.57,8.12,,,,,,,,,,,,,,,,,,,,,,,,,,,
P18105163010,chironomidae,16,HW,0.49,0.23,0.33,0.41,0.36,0.29,0.51,0.31,0.33,0.34,0.29,0.31,0.37,0.29,0.33,0.45,,,,,,,,,,,,,,,,,,,,,,,,,,,
P18105163010,ephemeroptera,1,BL,3.18,,,,,,,,,,,,,,,,,,,,,,,,,,,,,,,,,,,,,,,,,,
P18105163010,ephemeroptera,1,HW,0.58,,,,,,,,,,,,,,,,,,,,,,,,,,,,,,,,,,,,,,,,,,
P18105163010,hydropsychidae,1,BL,3.83,,,,,,,,,,,,,,,,,,,,,,,,,,,,,,,,,,,,,,,,,,
P18105163010,hydropsychidae,1,HW,0.58,,,,,,,,,,,,,,,,,,,,,,,,,,,,,,,,,,,,,,,,,,
P18105163010,unionoidae,1,SH,2.67,,,,,,,,,,,,,,,,,,,,,,,,,,,,,,,,,,,,,,,,,,
P18105163010,oligochaeta,5,BL,16.28,15.96,4.68,24.58,9,,,,,,,,,,,,,,,,,,,,,,,,,,,,,,,,,,,,,,
P18113179001,chironomidae,18,BL,8.19,14.69,49.11,22.59,15.38,14.27,16.97,18.12,7.35,15.61,15.9,14.98,17.74,17.11,16.11,18.06,13.33,14.08,,,,,,,,,,,,,,,,,,,,,,,,,
P18113179001,chironomidae,18,HW,0.37,0.77,0.72,0.54,0.67,0.41,0.5,0.42,0.29,0.55,0.57,0.44,0.64,0.53,0.51,0.54,0.58,0.42,,,,,,,,,,,,,,,,,,,,,,,,,
P18113179001,hirudinea,3,BL,5.07,4.74,4.73,,,,,,,,,,,,,,,,,,,,,,,,,,,,,,,,,,,,,,,,
P18113179001,oligochaeta,15,BL,2.41,4.25,3.04,4.09,3.28,3.13,3.79,4.15,2.83,2.82,4.29,2.76,1.97,2.85,3.06,,,,,,,,,,,,,,,,,,,,,,,,,,,,
P18113179002,simuliidae,1,BL,13.38,,,,,,,,,,,,,,,,,,,,,,,,,,,,,,,,,,,,,,,,,,
P18113179002,simuliidae,1,HW,1.01,,,,,,,,,,,,,,,,,,,,,,,,,,,,,,,,,,,,,,,,,,
P18113179002,chironomidae,5,BL,15.95,16.72,19.82,20.94,12.93,,,,,,,,,,,,,,,,,,,,,,,,,,,,,,,,,,,,,,
P18113179002,chironomidae,5,HW,0.61,0.57,0.65,0.47,0.79,,,,,,,,,,,,,,,,,,,,,,,,,,,,,,,,,,,,,,
P18113179002,oligochaeta,17,BL,3.17,3.89,3.71,3.95,3.36,3.66,3.29,3.89,1.93,3.6,2.6,3.61,3.9,3.71,3.82,2.22,3.63,,,,,,,,,,,,,,,,,,,,,,,,,,
P18113179003,chironomidae,16,BL,19.39,17.59,12.33,17.15,16.5,17.6,15.87,18.59,16.82,14.44,16.47,15.71,19.96,12.87,23.14,17.06,,,,,,,,,,,,,,,,,,,,,,,,,,,
P18113179003,chironomidae,16,HW,0.72,0.79,0.44,0.5,0.49,0.49,0.51,0.49,0.51,0.6,0.53,0.65,0.45,0.5,0.53,0.49,,,,,,,,,,,,,,,,,,,,,,,,,,,
P18113179003,ephydridae,2,BL,9.67,NA,,,,,,,,,,,,,,,,,,,,,,,,,,,,,,,,,,,,,,,,,
P18113179003,ephydridae,2,HW,0.48,0.69,,,,,,,,,,,,,,,,,,,,,,,,,,,,,,,,,,,,,,,,,
P18113179003,gammaridae,1,BL,2.11,,,,,,,,,,,,,,,,,,,,,,,,,,,,,,,,,,,,,,,,,,
P18113179003,oligochaeta,9,BL,3.78,7.45,13.75,3.73,3.75,7.12,4.55,3.42,3.84,,,,,,,,,,,,,,,,,,,,,,,,,,,,,,,,,,
P18113179004,ceratopogonidae,4,BL,12.05,12.63,12.82,14.97,,,,,,,,,,,,,,,,,,,,,,,,,,,,,,,,,,,,,,,
P18113179004,ceratopogonidae,4,HW,0.46,0.43,0.45,0.51,,,,,,,,,,,,,,,,,,,,,,,,,,,,,,,,,,,,,,,
P18113179004,chironomidae,15,BL,8.06,16.4,14.23,14.82,17.81,17.39,15.92,17.38,17.7,17.01,15.88,18.4,20.17,15.66,18.98,,,,,,,,,,,,,,,,,,,,,,,,,,,,
P18113179004,chironomidae,15,HW,0.3,0.49,0.44,0.49,0.48,0.61,0.54,0.47,0.4,0.57,0.37,0.48,0.38,0.47,0.51,,,,,,,,,,,,,,,,,,,,,,,,,,,,
P18113179004,hydrachnellae,1,BL,0.64,,,,,,,,,,,,,,,,,,,,,,,,,,,,,,,,,,,,,,,,,,
P18113179004,oligochaeta,15,BL,10.55,4.58,9.48,3.88,10.35,4.3,5.12,4.72,4.39,2.98,3.48,3.21,7.21,3.95,4.31,,,,,,,,,,,,,,,,,,,,,,,,,,,,
P18113179005,chironomidae,15,BL,21.61,20.8,21.59,17.52,22.8,21.89,21.02,19.86,23.49,25.21,23.9,19.97,19.93,19.58,20.8,,,,,,,,,,,,,,,,,,,,,,,,,,,,
P18113179005,chironomidae,15,HW,0.48,0.4,0.51,0.54,0.51,0.51,0.44,0.48,0.55,0.49,0.48,0.49,0.49,0.49,0.55,,,,,,,,,,,,,,,,,,,,,,,,,,,,
P18113179005,hirudinea,1,BL,6.64,,,,,,,,,,,,,,,,,,,,,,,,,,,,,,,,,,,,,,,,,,
P18113179005,oligochaeta,17,BL,2.95,5.66,15.62,4.91,20.66,7.63,12.79,4.21,2.6,2.72,2.87,3.42,4.32,4.4,3.97,4.38,4.03,,,,,,,,,,,,,,,,,,,,,,,,,,
P18113179006,chironomidae,16,BL,17.94,19.6,19.79,19.19,20.8,15.9,20.62,15.21,18.8,16.53,15.97,16.89,17.95,19.63,15.26,18.23,,,,,,,,,,,,,,,,,,,,,,,,,,,
P18113179006,chironomidae,16,HW,0.58,0.6,0.51,0.49,0.65,0.58,0.43,0.54,0.55,0.46,0.5,0.51,0.52,0.47,0.46,0.5,,,,,,,,,,,,,,,,,,,,,,,,,,,
P18113179006,unionidae,1,SL,6.14,,,,,,,,,,,,,,,,,,,,,,,,,,,,,,,,,,,,,,,,,,
P18113179006,oligochaeta,2,BL,3.76,12.96,,,,,,,,,,,,,,,,,,,,,,,,,,,,,,,,,,,,,,,,,
P18113179006,ceratopogonidae,5,BL,8.21,9.6,10.21,11.92,12.48,,,,,,,,,,,,,,,,,,,,,,,,,,,,,,,,,,,,,,
P18113179006,ceratopogonidae,5,HW,0.61,0.57,0.52,0.48,0.46,,,,,,,,,,,,,,,,,,,,,,,,,,,,,,,,,,,,,,
P18113179007,chironomidae,5,BL,23.55,10.84,13.39,15.76,10.62,,,,,,,,,,,,,,,,,,,,,,,,,,,,,,,,,,,,,,
P18113179007,chironomidae,5,HW,0.56,0.56,0.7,0.49,0.44,,,,,,,,,,,,,,,,,,,,,,,,,,,,,,,,,,,,,,
P18113179008,chironomidae,11,BL,7,17.42,16.83,11.07,16.83,18.61,19.19,19.31,18.31,5.99,16,,,,,,,,,,,,,,,,,,,,,,,,,,,,,,,,
P18113179008,chironomidae,11,HW,0.93,0.5,0.46,0.33,0.55,0.59,0.58,0.48,0.52,0.37,0.42,,,,,,,,,,,,,,,,,,,,,,,,,,,,,,,,
P18113179008,oligochaeta,2,BL,13.01,5.33,,,,,,,,,,,,,,,,,,,,,,,,,,,,,,,,,,,,,,,,,
P18113179009,chironomidae,15,BL,23.5,20.8,22.05,16.12,20.92,19.76,21.75,22.6,20.64,23.63,18.96,19.38,19.21,19.19,19.24,,,,,,,,,,,,,,,,,,,,,,,,,,,,
P18113179009,chironomidae,15,HW,0.49,0.56,0.52,0.45,0.59,0.48,0.54,0.59,0.58,0.58,0.51,0.5,0.42,0.55,0.55,,,,,,,,,,,,,,,,,,,,,,,,,,,,
P18113179009,ceratopogonidae,5,BL,12.85,11.05,13.26,11.5,11.12,,,,,,,,,,,,,,,,,,,,,,,,,,,,,,,,,,,,,,
P18113179009,ceratopogonidae,5,HW,0.52,0.43,0.58,0.47,0.48,,,,,,,,,,,,,,,,,,,,,,,,,,,,,,,,,,,,,,
P18113179009,oligochaeta,15,BL,17.5,4.19,5.09,4.28,4.24,4.46,4.24,3.74,4.06,4.19,5.09,4.28,4.24,4.46,3.74,,,,,,,,,,,,,,,,,,,,,,,,,,,,
P18113179009,unionidae,2,SL,4.89,5.73,,,,,,,,,,,,,,,,,,,,,,,,,,,,,,,,,,,,,,,,,
P18113179010,chironomidae,NA,,,,,,,,,,,,,,,,,,,,,,,,,,,,,,,,,,,,,,,,,,,,
P18113179010,hirudinea,NA,,,,,,,,,,,,,,,,,,,,,,,,,,,,,,,,,,,,,,,,,,,,
P18406184001,chironomidae,5,BL,16.15,13.88,7.04,4.93,4.73,,,,,,,,,,,,,,,,,,,,,,,,,,,,,,,,,,,,,,
P18406184001,chironomidae,5,HW,0.68,0.52,0.53,0.59,0.44,,,,,,,,,,,,,,,,,,,,,,,,,,,,,,,,,,,,,,
P18406184002,chironomidae,2,BL,10.01,14.69,,,,,,,,,,,,,,,,,,,,,,,,,,,,,,,,,,,,,,,,,
P18406184002,chironomidae,2,HW,0.48,0.5,,,,,,,,,,,,,,,,,,,,,,,,,,,,,,,,,,,,,,,,,
P18406184002,oligochaeta,4,BL,4.07,2.83,10.06,2.09,,,,,,,,,,,,,,,,,,,,,,,,,,,,,,,,,,,,,,,
P18406184003,oligochaeta,1,BL,7.14,,,,,,,,,,,,,,,,,,,,,,,,,,,,,,,,,,,,,,,,,,
P18406184004,chironomidae,1,BL,7.91,,,,,,,,,,,,,,,,,,,,,,,,,,,,,,,,,,,,,,,,,,
P18406184004,chironomidae,1,HW,0.64,,,,,,,,,,,,,,,,,,,,,,,,,,,,,,,,,,,,,,,,,,
P18406184004,oligochaeta,1,BL,7.79,,,,,,,,,,,,,,,,,,,,,,,,,,,,,,,,,,,,,,,,,,
P18406184005,chironomidae,3,BL,11.07,7.27,10.63,,,,,,,,,,,,,,,,,,,,,,,,,,,,,,,,,,,,,,,,
P18406184005,chironomidae,3,HW,0.45,0.51,0.53,,,,,,,,,,,,,,,,,,,,,,,,,,,,,,,,,,,,,,,,
P18406184005,oligochaeta,2,BL,2.87,4.97,,,,,,,,,,,,,,,,,,,,,,,,,,,,,,,,,,,,,,,,,
P18406184006,chaoboridae,6,ASL,0.41,0.4,0.41,0.46,0.37,0.38,,,,,,,,,,,,,,,,,,,,,,,,,,,,,,,,,,,,,
P18406184006,chaoboridae,6,BL,5.36,7.15,4.97,5.35,6.05,6.89,,,,,,,,,,,,,,,,,,,,,,,,,,,,,,,,,,,,,
P18406184006,chironomidae,5,BL,15.98,6.3,11.91,9.98,13.01,,,,,,,,,,,,,,,,,,,,,,,,,,,,,,,,,,,,,,
P18406184006,chironomidae,5,HW,0.39,0.28,0.48,0.52,0.46,,,,,,,,,,,,,,,,,,,,,,,,,,,,,,,,,,,,,,
P18406184007,chaoboridae,2,ASL,0.45,0.53,,,,,,,,,,,,,,,,,,,,,,,,,,,,,,,,,,,,,,,,,
P18406184007,chaoboridae,2,BL,7.13,6.97,,,,,,,,,,,,,,,,,,,,,,,,,,,,,,,,,,,,,,,,,
P18406184008,oligochaeta,1,BL,1.76,,,,,,,,,,,,,,,,,,,,,,,,,,,,,,,,,,,,,,,,,,
P18406184008,sphaeriidae,2,SL,2.45,1.85,,,,,,,,,,,,,,,,,,,,,,,,,,,,,,,,,,,,,,,,,
P18406184008,chaoboridae,2,ASL,0.48,0.48,,,,,,,,,,,,,,,,,,,,,,,,,,,,,,,,,,,,,,,,,
P18406184008,chaoboridae,2,BL,7.47,7.44,,,,,,,,,,,,,,,,,,,,,,,,,,,,,,,,,,,,,,,,,
P18406184008,chironomidae,2,BL,10.72,16.53,,,,,,,,,,,,,,,,,,,,,,,,,,,,,,,,,,,,,,,,,
P18406184008,chironomidae,2,HW,0.48,0.46,,,,,,,,,,,,,,,,,,,,,,,,,,,,,,,,,,,,,,,,,
P18406184009,chironomidae,1,BL,13.15,,,,,,,,,,,,,,,,,,,,,,,,,,,,,,,,,,,,,,,,,,
P18406184009,chironomidae,1,HW,0.56,,,,,,,,,,,,,,,,,,,,,,,,,,,,,,,,,,,,,,,,,,
P18406184009,chaoboridae,1,ASL,0.37,,,,,,,,,,,,,,,,,,,,,,,,,,,,,,,,,,,,,,,,,,
P18406184009,chaoboridae,1,BL,7.2,,,,,,,,,,,,,,,,,,,,,,,,,,,,,,,,,,,,,,,,,,
P18406184009,oligochaeta,1,BL,3.4,,,,,,,,,,,,,,,,,,,,,,,,,,,,,,,,,,,,,,,,,,
P18406184010,chironomidae,4,BL,10.77,10.2,9.72,11.58,,,,,,,,,,,,,,,,,,,,,,,,,,,,,,,,,,,,,,,
P18406184010,chironomidae,4,HW,0.46,0.46,0.4,0.5,,,,,,,,,,,,,,,,,,,,,,,,,,,,,,,,,,,,,,,
P18406184010,chaoboridae,9,ASL,0.44,0.43,0.44,0.41,0.39,0.36,0.44,0.52,0.42,,,,,,,,,,,,,,,,,,,,,,,,,,,,,,,,,,
P18406184010,chaoboridae,9,BL,7.36,7.63,7.09,7.89,11.77,6.9,7.89,6.73,7.49,,,,,,,,,,,,,,,,,,,,,,,,,,,,,,,,,,
P19012231001,chironomidae,2,BL,23.5,21.23,,,,,,,,,,,,,,,,,,,,,,,,,,,,,,,,,,,,,,,,,
P19012231001,chironomidae,2,HW,0.6,0.71,,,,,,,,,,,,,,,,,,,,,,,,,,,,,,,,,,,,,,,,,
P19012231001,oligochaeta,1,BL,8.17,,,,,,,,,,,,,,,,,,,,,,,,,,,,,,,,,,,,,,,,,,
P19012231002,chaoboridae,11,BL,6.04,6.58,5.32,9.19,8.36,4.64,5.79,4.77,7.92,7.95,6.59,,,,,,,,,,,,,,,,,,,,,,,,,,,,,,,,
P19012231002,chaoboridae,11,ASL,0.37,0.3,0.35,0.44,0.47,0.4,0.36,0.44,0.41,0.48,0.33,,,,,,,,,,,,,,,,,,,,,,,,,,,,,,,,
P19012231002,planorbidae,1,SL,3.28,,,,,,,,,,,,,,,,,,,,,,,,,,,,,,,,,,,,,,,,,,
P19012231002,planorbidae,1,AW,1.04,,,,,,,,,,,,,,,,,,,,,,,,,,,,,,,,,,,,,,,,,,
P19012231002,planorbidae,1,AL,1.19,,,,,,,,,,,,,,,,,,,,,,,,,,,,,,,,,,,,,,,,,,
P19012231002,diptera,2,BL,4.52,3.66,,,,,,,,,,,,,,,,,,,,,,,,,,,,,,,,,,,,,,,,,
P19012231002,diptera,2,HW,0.39,0.45,,,,,,,,,,,,,,,,,,,,,,,,,,,,,,,,,,,,,,,,,
P19012231002,oligochaeta,4,BL,9.53,10,14.01,12.56,,,,,,,,,,,,,,,,,,,,,,,,,,,,,,,,,,,,,,,
P19012231003,oligochaeta,1,BL,13.73,,,,,,,,,,,,,,,,,,,,,,,,,,,,,,,,,,,,,,,,,,
P19012231003,chaoboridae,8,ASL,0.32,0.34,0.35,0.3,0.34,0.35,0.36,0.41,,,,,,,,,,,,,,,,,,,,,,,,,,,,,,,,,,,
P19012231003,chaoboridae,8,BL,6.62,5.91,7.56,6.11,7.54,4.86,7.31,4.75,,,,,,,,,,,,,,,,,,,,,,,,,,,,,,,,,,,
P19012231003,chironomidae,2,BL,5.08,5.35,,,,,,,,,,,,,,,,,,,,,,,,,,,,,,,,,,,,,,,,,
P19012231003,chironomidae,2,HW,0.28,0.33,,,,,,,,,,,,,,,,,,,,,,,,,,,,,,,,,,,,,,,,,
P19012231004,no organisms ,NA,NA,,,,,,,,,,,,,,,,,,,,,,,,,,,,,,,,,,,,,,,,,,,
P19012231005,chironomidae,1,BL,25.23,,,,,,,,,,,,,,,,,,,,,,,,,,,,,,,,,,,,,,,,,,
P19012231005,chironomidae,1,HW,0.59,,,,,,,,,,,,,,,,,,,,,,,,,,,,,,,,,,,,,,,,,,
P19012231005,physidae,3,SL,4.97,3.14,2.97,,,,,,,,,,,,,,,,,,,,,,,,,,,,,,,,,,,,,,,,
P19012231005,physidae,3,AL,3.31,2.09,3.23,,,,,,,,,,,,,,,,,,,,,,,,,,,,,,,,,,,,,,,,
P19012231005,physidae,3,AW,1.58,1.02,0.98,,,,,,,,,,,,,,,,,,,,,,,,,,,,,,,,,,,,,,,,
P19012231005,planorbidae,1,SL,2.82,,,,,,,,,,,,,,,,,,,,,,,,,,,,,,,,,,,,,,,,,,
P19012231005,planorbidae,1,AL,0.65,,,,,,,,,,,,,,,,,,,,,,,,,,,,,,,,,,,,,,,,,,
P19012231005,planorbidae,1,AW,1.05,,,,,,,,,,,,,,,,,,,,,,,,,,,,,,,,,,,,,,,,,,
P19036204001,oligochaeta,7,BL,13.54,21.72,9.84,14.42,6.6,15.37,5.85,,,,,,,,,,,,,,,,,,,,,,,,,,,,,,,,,,,,
P19036204001,unionidae,1,SL,2.73,,,,,,,,,,,,,,,,,,,,,,,,,,,,,,,,,,,,,,,,,,
P19036204001,chironomidae,15,BL,23.75,23.85,18.67,23.16,21.98,24.29,23.76,21.95,22.72,7.65,6.66,6.04,5.94,6.6,6.94,,,,,,,,,,,,,,,,,,,,,,,,,,,,
P19036204001,chironomidae,15,HW,0.46,0.51,0.47,0.63,0.54,0.5,0.47,0.52,0.45,0.46,0.4,0.35,0.36,0.53,0.31,,,,,,,,,,,,,,,,,,,,,,,,,,,,
P19036204002,chironomidae,2,BL,7.25,20.7,,,,,,,,,,,,,,,,,,,,,,,,,,,,,,,,,,,,,,,,,
P19036204002,chironomidae,2,HW,0.5,0.56,,,,,,,,,,,,,,,,,,,,,,,,,,,,,,,,,,,,,,,,,
P19036204002,oligochaeta,2,BL,19.89,9.89,,,,,,,,,,,,,,,,,,,,,,,,,,,,,,,,,,,,,,,,,
P19036204003,chironomidae,9,BL,17.11,21.58,9.25,19.9,7.07,7.91,8.49,6.68,8.79,,,,,,,,,,,,,,,,,,,,,,,,,,,,,,,,,,
P19036204003,chironomidae,9,HW,0.45,0.47,0.56,0.55,0.54,0.48,0.47,0.37,0.43,,,,,,,,,,,,,,,,,,,,,,,,,,,,,,,,,,
P19036204003,oligochaeta,1,BL,12.65,,,,,,,,,,,,,,,,,,,,,,,,,,,,,,,,,,,,,,,,,,
P19036204004,chironomidae,4,BL,17.43,8.79,7.44,4.62,,,,,,,,,,,,,,,,,,,,,,,,,,,,,,,,,,,,,,,
P19036204004,chironomidae,4,HW,0.49,0.52,0.41,0.4,,,,,,,,,,,,,,,,,,,,,,,,,,,,,,,,,,,,,,,
P19036204005,chironomidae,4,BL,21.41,18.07,21.62,13.72,,,,,,,,,,,,,,,,,,,,,,,,,,,,,,,,,,,,,,,
P19036204005,chironomidae,4,HW,0.54,0.55,0.56,0.56,,,,,,,,,,,,,,,,,,,,,,,,,,,,,,,,,,,,,,,
P19036204005,oligochaeta,9,BL,4.18,16.35,26.22,15.51,15.96,21.71,8.39,20.32,9.69,,,,,,,,,,,,,,,,,,,,,,,,,,,,,,,,,,
P19019219001,diptera,NA,BL,NA,,,,,,,,,,,,,,,,,,,,,,,,,,,,,,,,,,,,,,,,,,
P19019219001,diptera,NA,HW,NA,,,,,,,,,,,,,,,,,,,,,,,,,,,,,,,,,,,,,,,,,,
P19019219001,oligochaeta,NA,BL,NA,,,,,,,,,,,,,,,,,,,,,,,,,,,,,,,,,,,,,,,,,,
P19019219003,chaoboridae,1,ASL,0.41,,,,,,,,,,,,,,,,,,,,,,,,,,,,,,,,,,,,,,,,,,
P19019219003,chaoboridae,1,BL,4.26,,,,,,,,,,,,,,,,,,,,,,,,,,,,,,,,,,,,,,,,,,
P19019219003,chironomidae,3,BL,8.35,22.61,23.56,,,,,,,,,,,,,,,,,,,,,,,,,,,,,,,,,,,,,,,,
P19019219003,chironomidae,3,HW,0.39,0.56,0.57,,,,,,,,,,,,,,,,,,,,,,,,,,,,,,,,,,,,,,,,
P19019219003,oligochaeta,9,BL,5.65,10.19,26.76,12.32,21.38,16.9,7.34,7.49,15.38,,,,,,,,,,,,,,,,,,,,,,,,,,,,,,,,,,
P19019219005,oligochaeta,5,BL,11.86,14.75,14.07,18.67,14.7,,,,,,,,,,,,,,,,,,,,,,,,,,,,,,,,,,,,,,
P19019219005,chironomidae,6,BL,24.72,22.13,23,24.68,7.88,6.19,,,,,,,,,,,,,,,,,,,,,,,,,,,,,,,,,,,,,
P19019219005,chironomidae,6,HW,0.56,0.48,0.65,0.7,0.5,0.37,,,,,,,,,,,,,,,,,,,,,,,,,,,,,,,,,,,,,
P19019219005,chaoboridae,1,ASL,0.41,,,,,,,,,,,,,,,,,,,,,,,,,,,,,,,,,,,,,,,,,,
P19019219005,chaoboridae,1,BL,6.94,,,,,,,,,,,,,,,,,,,,,,,,,,,,,,,,,,,,,,,,,,
P19019219005,ceratopogonidae,1,BL,6.98,,,,,,,,,,,,,,,,,,,,,,,,,,,,,,,,,,,,,,,,,,
P19019219005,ceratopogonidae,1,HW,0.27,,,,,,,,,,,,,,,,,,,,,,,,,,,,,,,,,,,,,,,,,,
P19105204001,ceratopogonidae,4,BL,13.79,8.3,12.48,6.79,,,,,,,,,,,,,,,,,,,,,,,,,,,,,,,,,,,,,,,
P19105204001,ceratopogonidae,4,HW,0.52,0.32,0.51,0.37,,,,,,,,,,,,,,,,,,,,,,,,,,,,,,,,,,,,,,,
P19105204001,oligochaeta,3,BL,1.95,5.32,1.68,,,,,,,,,,,,,,,,,,,,,,,,,,,,,,,,,,,,,,,,
P19105204002,ephemeridae,1,BL,21.63,,,,,,,,,,,,,,,,,,,,,,,,,,,,,,,,,,,,,,,,,,
P19105204002,ephemeridae,1,HW,3.22,,,,,,,,,,,,,,,,,,,,,,,,,,,,,,,,,,,,,,,,,,
P19105204002,ephemeroptera,1,BL,5.8,,,,,,,,,,,,,,,,,,,,,,,,,,,,,,,,,,,,,,,,,,
P19105204002,ephemeroptera,1,HW,1.4,,,,,,,,,,,,,,,,,,,,,,,,,,,,,,,,,,,,,,,,,,
P19105204002,oligochaeta,3,BL,3.39,3.46,3.6,,,,,,,,,,,,,,,,,,,,,,,,,,,,,,,,,,,,,,,,
P19105204002,chironomidae,9,BL,25.79,5.87,6.76,6.65,7.76,7.81,17.1,15.62,18.79,,,,,,,,,,,,,,,,,,,,,,,,,,,,,,,,,,
P19105204002,chironomidae,9,HW,0.6,0.5,0.31,0.51,0.35,0.47,0.48,0.5,0.98,,,,,,,,,,,,,,,,,,,,,,,,,,,,,,,,,,
P19105204002,ceratopogonidae,4,BL,11.77,8.16,8.16,7.68,,,,,,,,,,,,,,,,,,,,,,,,,,,,,,,,,,,,,,,
P19105204002,ceratopogonidae,4,HW,0.53,0.48,0.46,0.37,,,,,,,,,,,,,,,,,,,,,,,,,,,,,,,,,,,,,,,
P19105204003,ceratopogonidae,2,BL,7.52,7.38,,,,,,,,,,,,,,,,,,,,,,,,,,,,,,,,,,,,,,,,,
P19105204003,ceratopogonidae,2,HW,0.36,0.35,,,,,,,,,,,,,,,,,,,,,,,,,,,,,,,,,,,,,,,,,
P19105204003,chironomidae,11,BL,5.6,6.99,6.15,6.98,18,7.12,7.31,14.86,3.68,8.22,9.29,,,,,,,,,,,,,,,,,,,,,,,,,,,,,,,,
P19105204003,chironomidae,11,HW,0.36,0.35,0.34,0.36,0.64,0.46,0.31,0.48,0.38,0.51,0.55,,,,,,,,,,,,,,,,,,,,,,,,,,,,,,,,
P19105204003,ephemeroptera,3,BL,7.04,,,,,,,,,,,,,,,,,,,,,,,,,,,,,,,,,,,,,,,,,,
P19105204003,ephemeroptera,3,HW,1.05,,,,,,,,,,,,,,,,,,,,,,,,,,,,,,,,,,,,,,,,,,
P19105204003,oligochaeta,6,BL,13.8,26.22,6.3,9.96,6.22,28.3,,,,,,,,,,,,,,,,,,,,,,,,,,,,,,,,,,,,,
P19105204003,sialidae,2,BL,7.38,10.09,,,,,,,,,,,,,,,,,,,,,,,,,,,,,,,,,,,,,,,,,
P19105204003,sialidae,2,HW,1.25,1.37,,,,,,,,,,,,,,,,,,,,,,,,,,,,,,,,,,,,,,,,,
P19105204004,chironomidae,7,BL,8.51,23.83,15.66,18.78,15.96,16.13,21.42,,,,,,,,,,,,,,,,,,,,,,,,,,,,,,,,,,,,
P19105204004,chironomidae,7,HW,0.51,0.63,0.93,0.63,0.66,0.65,0.57,,,,,,,,,,,,,,,,,,,,,,,,,,,,,,,,,,,,
P19105204004,ceratopogonidae,7,BL,10.83,12.88,8.61,8.64,7.06,8.43,4.53,,,,,,,,,,,,,,,,,,,,,,,,,,,,,,,,,,,,
P19105204004,ceratopogonidae,7,HW,0.51,0.53,0.45,0.5,0.48,0.5,0.29,,,,,,,,,,,,,,,,,,,,,,,,,,,,,,,,,,,,
P19105204004,oligochaeta,3,BL,3.4,3.48,2.38,,,,,,,,,,,,,,,,,,,,,,,,,,,,,,,,,,,,,,,,
P19105204005,sphaeriidae,3,SL,1.63,2.55,0.47,,,,,,,,,,,,,,,,,,,,,,,,,,,,,,,,,,,,,,,,
P19105204005,chironomidae,2,BL,7.66,17.2,,,,,,,,,,,,,,,,,,,,,,,,,,,,,,,,,,,,,,,,,
P19105204005,chironomidae,2,HW,0.47,0.61,,,,,,,,,,,,,,,,,,,,,,,,,,,,,,,,,,,,,,,,,
P19105204005,ceratopogonidae,3,BL,5.91,5.64,5.81,,,,,,,,,,,,,,,,,,,,,,,,,,,,,,,,,,,,,,,,
P19105204005,ceratopogonidae,3,HW,0.36,0.27,0.38,,,,,,,,,,,,,,,,,,,,,,,,,,,,,,,,,,,,,,,,
P19105204005,oligochaeta,8,BL,4.32,15.85,11.64,2.66,3.46,2.39,3.21,2.53,,,,,,,,,,,,,,,,,,,,,,,,,,,,,,,,,,,
P19090225001,chironomidae,19,BL,26.28,22.88,23.58,23.63,25.69,24.31,25.82,27.91,21.84,26.96,26.49,19.21,24.3,23.14,21.54,23.25,22.58,24.91,11.88,,,,,,,,,,,,,,,,,,,,,,,,
P19090225001,chironomidae,19,HW,0.41,0.59,0.46,0.5,0.57,0.44,0.57,0.55,0.56,0.54,0.62,0.51,0.64,0.57,0.57,0.55,0.6,0.54,0.39,,,,,,,,,,,,,,,,,,,,,,,,
P19090225001,diptera,1,BL,12.02,,,,,,,,,,,,,,,,,,,,,,,,,,,,,,,,,,,,,,,,,,
P19090225001,diptera,1,HW,0.69,,,,,,,,,,,,,,,,,,,,,,,,,,,,,,,,,,,,,,,,,,
P19090225001,planorbidae,1,SL,2.36,,,,,,,,,,,,,,,,,,,,,,,,,,,,,,,,,,,,,,,,,,
P19090225001,planorbidae,1,AL,1.31,,,,,,,,,,,,,,,,,,,,,,,,,,,,,,,,,,,,,,,,,,
P19090225001,planorbidae,1,AW,0.84,,,,,,,,,,,,,,,,,,,,,,,,,,,,,,,,,,,,,,,,,,
P19090225002,chironomidae,15,BL,25.57,23.29,21.75,23.8,24.84,24.43,24.94,24.49,24.6,22.75,23.96,26.91,25.14,27.32,23.28,,,,,,,,,,,,,,,,,,,,,,,,,,,,
P19090225002,chironomidae,15,HW,0.52,0.59,0.58,0.5,0.61,0.61,0.55,0.48,0.56,0.61,0.64,0.56,0.58,0.64,0.64,,,,,,,,,,,,,,,,,,,,,,,,,,,,
P19090225002,oligochaeta,14,BL,4.33,11.71,11.05,9.31,4.89,9.2,8.41,8.09,4.29,4.24,5.28,5.768,20.79,4.48,,,,,,,,,,,,,,,,,,,,,,,,,,,,,
P19090225003,chironomidae,15,BL,25.6,25.47,6.18,27.12,24.29,25.54,24.6,29.55,27.14,25.88,24.91,22.29,26.75,24.42,26.22,,,,,,,,,,,,,,,,,,,,,,,,,,,,
P19090225003,chironomidae,15,HW,0.59,0.57,0.45,0.62,0.63,0.52,0.6,0.53,0.68,0.49,0.58,0.62,0.53,0.6,0.59,,,,,,,,,,,,,,,,,,,,,,,,,,,,
P19090225003,oligochaeta,17,BL,7.26,7.81,4.83,6.75,7.49,37.43,8.01,6.27,11.61,8.06,7.75,6.63,10.57,8.11,8.91,8.58,7.77,,,,,,,,,,,,,,,,,,,,,,,,,,
P19090225003,hirudinea,1,BL,7.12,,,,,,,,,,,,,,,,,,,,,,,,,,,,,,,,,,,,,,,,,,
P19090225004,chironomidae,16,BL,23.33,21.89,22.23,23.65,23.69,21.25,23.86,24.82,22.57,25.99,25.3,23.26,24.88,19.28,22.38,8.41,,,,,,,,,,,,,,,,,,,,,,,,,,,
P19090225004,chironomidae,16,HW,0.64,0.45,0.6,0.61,0.6,0.55,0.76,0.62,0.56,0.67,0.66,0.64,0.64,0.55,0.64,0.56,,,,,,,,,,,,,,,,,,,,,,,,,,,
P19090225005,chironomidae,16,BL,22.95,21.92,23.12,22.21,26.06,25.61,25.69,25.62,24.73,25.28,25.27,22.77,24.19,8.8,8.18,11.35,,,,,,,,,,,,,,,,,,,,,,,,,,,
P19090225005,chironomidae,16,HW,0.63,0.52,0.52,0.53,0.52,0.65,0.54,0.6,0.58,0.49,0.57,0.67,0.63,0.5,0.53,0.41,,,,,,,,,,,,,,,,,,,,,,,,,,,
P19090225005,oligochaeta,15,BL,12.29,5.99,8.14,6.47,8.35,7.81,4.72,8.56,6.52,8.84,4.34,8.91,5.16,10.62,8.64,,,,,,,,,,,,,,,,,,,,,,,,,,,,
P19113197001,chironomidae,16,BL,8.87,6.42,8.62,5.91,6.44,6.21,4.33,5.24,4.7,7.36,5.79,4.61,4.31,7.02,5.03,5.51,,,,,,,,,,,,,,,,,,,,,,,,,,,
P19113197001,chironomidae,16,HW,0.37,0.37,0.33,0.39,0.41,0.3,0.37,0.35,0.34,0.4,0.31,0.35,0.34,0.35,0.4,0.41,,,,,,,,,,,,,,,,,,,,,,,,,,,
P19113197001,oligochaeta,15,BL,25.4,7.49,6.23,7.52,33.98,18.62,26.98,13.66,7.19,9.11,17.16,7.07,19.24,9.36,17.64,,,,,,,,,,,,,,,,,,,,,,,,,,,,
P19113197001,sphaeriidae,1,SL,2.21,,,,,,,,,,,,,,,,,,,,,,,,,,,,,,,,,,,,,,,,,,
P19113197002,chironomidae,16,BL,20.91,4.82,21.65,21.65,4.92,4.92,5.79,5.01,5.17,4.98,5.25,6.09,4.44,5.61,5.15,7.18,,,,,,,,,,,,,,,,,,,,,,,,,,,
P19113197002,chironomidae,16,HW,0.52,0.34,0.51,0.54,0.35,0.41,0.27,0.34,0.36,0.48,0.34,0.34,0.31,0.3,0.41,0.29,,,,,,,,,,,,,,,,,,,,,,,,,,,
P19113197002,oligochaeta,5,BL,8.12,6.83,13.76,23.08,22.86,,,,,,,,,,,,,,,,,,,,,,,,,,,,,,,,,,,,,,
P19113197003,chironomidae,8,BL,NA,NA,NA,4.72,5.15,5.91,4.76,4.71,,,,,,,,,,,,,,,,,,,,,,,,,,,,,,,,,,,
P19113197003,chironomidae,8,HW,0.52,0.49,0.6,0.43,0.34,0.39,0.33,0.38,,,,,,,,,,,,,,,,,,,,,,,,,,,,,,,,,,,
P19113197003,hirudinea,2,BL,4.66,6.73,,,,,,,,,,,,,,,,,,,,,,,,,,,,,,,,,,,,,,,,,
P19113197003,oligochaeta,4,BL,17.11,17.54,12.08,8.18,,,,,,,,,,,,,,,,,,,,,,,,,,,,,,,,,,,,,,,
P19113197004,chironomidae,5,BL,8.35,10.43,9.46,11.76,4.96,,,,,,,,,,,,,,,,,,,,,,,,,,,,,,,,,,,,,,
P19113197004,chironomidae,5,HW,0.46,0.48,0.49,0.48,0.36,,,,,,,,,,,,,,,,,,,,,,,,,,,,,,,,,,,,,,
P19113197004,oligochaeta,4,BL,5.72,15.87,13.72,12.48,,,,,,,,,,,,,,,,,,,,,,,,,,,,,,,,,,,,,,,
P19113197004,sphaeriidae,5,SL,1.6,1.69,1.49,3.75,5.23,,,,,,,,,,,,,,,,,,,,,,,,,,,,,,,,,,,,,,
P19113197005,chironomidae,9,BL,5.3,4.33,4.54,4.73,1.91,7.82,11.44,10.81,7.7,,,,,,,,,,,,,,,,,,,,,,,,,,,,,,,,,,
P19113197005,chironomidae,9,HW,0.4,0.37,0.33,0.35,0.27,0.44,0.49,0.48,0.52,,,,,,,,,,,,,,,,,,,,,,,,,,,,,,,,,,
P19113197005,oligochaeta,6,BL,8.93,7.61,10.96,7.56,10.03,3.25,,,,,,,,,,,,,,,,,,,,,,,,,,,,,,,,,,,,,
P19113197006,chironomidae,16,BL,13.72,5.2,11.83,12.68,11.15,14.22,5.45,5.4,4.65,4.04,4.95,4.29,5.48,4.9,5.26,13.7,,,,,,,,,,,,,,,,,,,,,,,,,,,
P19113197006,chironomidae,16,HW,0.49,0.38,0.49,0.57,0.54,0.54,0.37,0.35,0.38,0.35,0.35,0.31,0.35,0.28,0.37,0.46,,,,,,,,,,,,,,,,,,,,,,,,,,,
P19113197006,oligochaeta,13,BL,15.15,9.31,18.93,19.55,13.13,16.96,10.62,11.67,12.47,10.32,18.35,6.96,5.63,,,,,,,,,,,,,,,,,,,,,,,,,,,,,,
P19113197007,chironomidae,4,BL,9.86,11.36,4.99,5.39,,,,,,,,,,,,,,,,,,,,,,,,,,,,,,,,,,,,,,,
P19113197007,chironomidae,4,HW,0.53,0.43,0.44,0.36,,,,,,,,,,,,,,,,,,,,,,,,,,,,,,,,,,,,,,,
P19113197007,ceratopogonidae,4,BL,14.28,14.47,11.99,9.86,,,,,,,,,,,,,,,,,,,,,,,,,,,,,,,,,,,,,,,
P19113197007,ceratopogonidae,4,HW,0.51,0.58,0.49,0.49,,,,,,,,,,,,,,,,,,,,,,,,,,,,,,,,,,,,,,,
P19113197008,chironomidae,3,BL,10.81,8.98,4.81,,,,,,,,,,,,,,,,,,,,,,,,,,,,,,,,,,,,,,,,
P19113197008,chironomidae,3,HW,0.5,0.53,0.3,,,,,,,,,,,,,,,,,,,,,,,,,,,,,,,,,,,,,,,,
P19113197008,sphaeriidae,4,SL,6.43,4.53,3.13,3.25,,,,,,,,,,,,,,,,,,,,,,,,,,,,,,,,,,,,,,,
P19113197008,trichoptera,1,BL,12.35,,,,,,,,,,,,,,,,,,,,,,,,,,,,,,,,,,,,,,,,,,
P19113197008,trichoptera,1,HW,NA,,,,,,,,,,,,,,,,,,,,,,,,,,,,,,,,,,,,,,,,,,
P19113197008,hirudinea,4,BL,7.64,5.04,1.87,21.35,,,,,,,,,,,,,,,,,,,,,,,,,,,,,,,,,,,,,,,
P19113197008,sialidae,1,BL,7.61,,,,,,,,,,,,,,,,,,,,,,,,,,,,,,,,,,,,,,,,,,
P19113197008,sialidae,1,HW,0.73,,,,,,,,,,,,,,,,,,,,,,,,,,,,,,,,,,,,,,,,,,
P19113197008,oligochaeta,11,BL,16.56,11.45,26.07,23.67,17.34,17.52,19.83,9.71,15.61,27.96,7.1,,,,,,,,,,,,,,,,,,,,,,,,,,,,,,,,
P19113197009,chironomidae,15,BL,5.46,5.27,4.17,12.82,10.38,13.07,4.86,4.84,5.7,5.2,12.83,5.17,4.69,4.57,5.26,,,,,,,,,,,,,,,,,,,,,,,,,,,,
P19113197009,chironomidae,15,HW,0.43,0.35,0.4,0.56,0.53,0.5,0.36,0.34,0.35,0.34,0.5,0.31,0.36,0.37,0.35,,,,,,,,,,,,,,,,,,,,,,,,,,,,
P19113197009,oligochaeta,6,BL,16.55,2.23,14.9,19.25,6.23,15.39,,,,,,,,,,,,,,,,,,,,,,,,,,,,,,,,,,,,,
P19113197010,chironomidae,15,BL,4.69,4.7,5.3,5.08,5.32,8.72,5.26,5.25,5.45,5.67,4.67,5.52,5.19,4.51,5.56,,,,,,,,,,,,,,,,,,,,,,,,,,,,
P19113197010,chironomidae,15,HW,0.37,0.43,0.29,0.37,0.37,0.61,0.37,0.36,0.31,0.34,0.36,0.4,0.39,0.32,0.38,,,,,,,,,,,,,,,,,,,,,,,,,,,,
P19113197010,oligochaeta,6,BL,17.65,13.07,24.72,18.54,13.75,15.09,,,,,,,,,,,,,,,,,,,,,,,,,,,,,,,,,,,,,
P19406226001,chironomidae,7,BL,8.71,15.89,8.49,8.35,7.92,16.65,13.61,,,,,,,,,,,,,,,,,,,,,,,,,,,,,,,,,,,,
P19406226001,chironomidae,7,HW,0.56,0.43,0.51,0.41,0.48,0.41,0.43,,,,,,,,,,,,,,,,,,,,,,,,,,,,,,,,,,,,
P19406226002,chironomidae,1,BL,7.87,,,,,,,,,,,,,,,,,,,,,,,,,,,,,,,,,,,,,,,,,,
P19406226002,chironomidae,1,HW,0.32,,,,,,,,,,,,,,,,,,,,,,,,,,,,,,,,,,,,,,,,,,
P19406226002,planorbidae,2,SL,2.06,3.38,,,,,,,,,,,,,,,,,,,,,,,,,,,,,,,,,,,,,,,,,
P19406226002,planorbidae,2,AL,0.99,1,,,,,,,,,,,,,,,,,,,,,,,,,,,,,,,,,,,,,,,,,
P19406226002,planorbidae,2,AW,0.56,1.42,,,,,,,,,,,,,,,,,,,,,,,,,,,,,,,,,,,,,,,,,
P19406226003,chironomidae,3,BL,13.63,14.27,8.58,,,,,,,,,,,,,,,,,,,,,,,,,,,,,,,,,,,,,,,,
P19406226003,chironomidae,3,HW,0.57,0.47,0.5,,,,,,,,,,,,,,,,,,,,,,,,,,,,,,,,,,,,,,,,
P19406226003,oligochaeta,1,BL,2.1,,,,,,,,,,,,,,,,,,,,,,,,,,,,,,,,,,,,,,,,,,
P19406226004,chironomidae,10,BL,26.3,8.24,14.64,12.51,22.91,8.34,6.68,7.7,7.79,12.52,,,,,,,,,,,,,,,,,,,,,,,,,,,,,,,,,
P19406226004,chironomidae,10,HW,0.63,0.37,0.46,0.43,0.6,0.32,0.33,0.3,0.3,0.5,,,,,,,,,,,,,,,,,,,,,,,,,,,,,,,,,
P19406226005,chironomidae,12,BL,9.58,10.28,7.53,8.56,7.59,7.79,15.75,7.81,16.13,7.87,6.4,5.7,,,,,,,,,,,,,,,,,,,,,,,,,,,,,,,
P19406226005,chironomidae,12,HW,0.33,0.32,0.31,0.33,0.33,0.31,0.45,0.37,0.59,0.4,0.32,0.35,,,,,,,,,,,,,,,,,,,,,,,,,,,,,,,
P20012206001,chironomidae,1,BL,NA,,,,,,,,,,,,,,,,,,,,,,,,,,,,,,,,,,,,,,,,,,
P20012206001,chironomidae,1,HW,NA,,,,,,,,,,,,,,,,,,,,,,,,,,,,,,,,,,,,,,,,,,
P20012206001,oligochaeta,1,BL,16.4,,,,,,,,,,,,,,,,,,,,,,,,,,,,,,,,,,,,,,,,,,
P20012206001,sphaeriidae,1,SL,1.78,,,,,,,,,,,,,,,,,,,,,,,,,,,,,,,,,,,,,,,,,,
P20012206002,chironomidae,5,BL,7.47,4.55,8.27,3.78,6.86,,,,,,,,,,,,,,,,,,,,,,,,,,,,,,,,,,,,,,
P20012206002,chironomidae,5,HW,0.37,0.43,0.39,0.36,0.36,,,,,,,,,,,,,,,,,,,,,,,,,,,,,,,,,,,,,,
P20012206002,chaoboridae,1,ASL,0.44,,,,,,,,,,,,,,,,,,,,,,,,,,,,,,,,,,,,,,,,,,
P20012206002,chaoboridae,1,BL,7.2,,,,,,,,,,,,,,,,,,,,,,,,,,,,,,,,,,,,,,,,,,
P20012206002,oligochaeta,2,BL,5.17,11.65,,,,,,,,,,,,,,,,,,,,,,,,,,,,,,,,,,,,,,,,,
P20012206002,planorbidae,2,SL,2.36,1.64,,,,,,,,,,,,,,,,,,,,,,,,,,,,,,,,,,,,,,,,,
P20012206002,planorbidae,2,AL,1.01,0.98,,,,,,,,,,,,,,,,,,,,,,,,,,,,,,,,,,,,,,,,,
P20012206002,planorbidae,2,AW,0.88,0.58,,,,,,,,,,,,,,,,,,,,,,,,,,,,,,,,,,,,,,,,,
P20012206003,chironomidae,3,BL,7.25,4.25,5.18,,,,,,,,,,,,,,,,,,,,,,,,,,,,,,,,,,,,,,,,
P20012206003,chironomidae,3,HW,0.4,0.38,0.37,,,,,,,,,,,,,,,,,,,,,,,,,,,,,,,,,,,,,,,,
P20012206003,chaoboridae,1,ASL,0.43,,,,,,,,,,,,,,,,,,,,,,,,,,,,,,,,,,,,,,,,,,
P20012206003,chaoboridae,1,BL,4.51,,,,,,,,,,,,,,,,,,,,,,,,,,,,,,,,,,,,,,,,,,
P20012206003,physidae,2,SL,6.46,5.77,,,,,,,,,,,,,,,,,,,,,,,,,,,,,,,,,,,,,,,,,
P20012206003,physidae,2,AL,4.18,3.57,,,,,,,,,,,,,,,,,,,,,,,,,,,,,,,,,,,,,,,,,
P20012206003,physidae,2,AW,2.14,1.81,,,,,,,,,,,,,,,,,,,,,,,,,,,,,,,,,,,,,,,,,
P20012206005,chaoboridae,5,ASL,0.42,0.34,0.37,0.39,0.41,,,,,,,,,,,,,,,,,,,,,,,,,,,,,,,,,,,,,,
P20012206005,chaoboridae,5,BL,4.23,7.81,NA,NA,NA,,,,,,,,,,,,,,,,,,,,,,,,,,,,,,,,,,,,,,
P20012206005,chironomidae,3,BL,3.26,5.07,5.44,,,,,,,,,,,,,,,,,,,,,,,,,,,,,,,,,,,,,,,,
P20012206005,chironomidae,3,HW,0.23,0.33,0.64,,,,,,,,,,,,,,,,,,,,,,,,,,,,,,,,,,,,,,,,
P20012206005,planorbidae,2,SL,2.89,2.76,,,,,,,,,,,,,,,,,,,,,,,,,,,,,,,,,,,,,,,,,
P20012206005,planorbidae,2,AL,0.97,0.9,,,,,,,,,,,,,,,,,,,,,,,,,,,,,,,,,,,,,,,,,
P20012206005,planorbidae,2,AW,1.23,1.07,,,,,,,,,,,,,,,,,,,,,,,,,,,,,,,,,,,,,,,,,
P20012206005,oligochaeta,2,BL,5.69,3.71,,,,,,,,,,,,,,,,,,,,,,,,,,,,,,,,,,,,,,,,,
P20012206005,physidae,1,SL,3.64,,,,,,,,,,,,,,,,,,,,,,,,,,,,,,,,,,,,,,,,,,
P20012206005,physidae,1,AL,2.44,,,,,,,,,,,,,,,,,,,,,,,,,,,,,,,,,,,,,,,,,,
P20012206005,physidae,1,AW,1.6,,,,,,,,,,,,,,,,,,,,,,,,,,,,,,,,,,,,,,,,,,
P20019212001,oligochaeta,6,BL,4.33,3.23,15.27,3.97,8.56,4.5,,,,,,,,,,,,,,,,,,,,,,,,,,,,,,,,,,,,,
P20019212001,chironomidae,4,BL,5.63,4.28,16.66,8.69,,,,,,,,,,,,,,,,,,,,,,,,,,,,,,,,,,,,,,,
P20019212001,chironomidae,4,HW,0.3,0.39,0.53,0.33,,,,,,,,,,,,,,,,,,,,,,,,,,,,,,,,,,,,,,,
P20019212001,chaoboridae,2,ASL,0.4,0.4,,,,,,,,,,,,,,,,,,,,,,,,,,,,,,,,,,,,,,,,,
P20019212001,chaoboridae,2,BL,7.57,7.54,,,,,,,,,,,,,,,,,,,,,,,,,,,,,,,,,,,,,,,,,
P20019212001,ceratopogonidae,2,BL,7.47,6.61,,,,,,,,,,,,,,,,,,,,,,,,,,,,,,,,,,,,,,,,,
P20019212001,ceratopogonidae,2,HW,0.16,0.16,,,,,,,,,,,,,,,,,,,,,,,,,,,,,,,,,,,,,,,,,
P20019212003,chaoboridae,1,ASL,0.48,,,,,,,,,,,,,,,,,,,,,,,,,,,,,,,,,,,,,,,,,,
P20019212003,chaoboridae,1,BL,NA,,,,,,,,,,,,,,,,,,,,,,,,,,,,,,,,,,,,,,,,,,
P20019212003,oligochaeta,1,BL,7.19,,,,,,,,,,,,,,,,,,,,,,,,,,,,,,,,,,,,,,,,,,
P20019212004,chironomidae,1,BL,6.43,,,,,,,,,,,,,,,,,,,,,,,,,,,,,,,,,,,,,,,,,,
P20019212004,chironomidae,1,HW,0.26,,,,,,,,,,,,,,,,,,,,,,,,,,,,,,,,,,,,,,,,,,
P20036213001,chironomidae,3,BL,18.52,11.18,5.14,,,,,,,,,,,,,,,,,,,,,,,,,,,,,,,,,,,,,,,,
P20036213001,chironomidae,3,HW,0.62,0.37,0.54,,,,,,,,,,,,,,,,,,,,,,,,,,,,,,,,,,,,,,,,
P20036213001,oligochaeta,3,BL,7.21,4.81,5.08,,,,,,,,,,,,,,,,,,,,,,,,,,,,,,,,,,,,,,,,
P20036213001,sphaeriidae,1,SL,2.12,,,,,,,,,,,,,,,,,,,,,,,,,,,,,,,,,,,,,,,,,,
P20036213002,sialidae,1,BL,12.17,,,,,,,,,,,,,,,,,,,,,,,,,,,,,,,,,,,,,,,,,,
P20036213002,sialidae,1,HW,1.18,,,,,,,,,,,,,,,,,,,,,,,,,,,,,,,,,,,,,,,,,,
P20036213002,chironomidae,15,BL,3.34,4.6,4.64,5.01,5.92,5.11,4.86,8.08,8.86,3.68,5.84,6.87,5.52,5.43,3.82,,,,,,,,,,,,,,,,,,,,,,,,,,,,
P20036213002,chironomidae,15,HW,0.41,0.44,0.4,0.32,0.3,0.39,0.31,0.41,0.5,0.42,0.47,0.4,0.36,0.34,0.33,,,,,,,,,,,,,,,,,,,,,,,,,,,,
P20036213002,oligochaeta,4,BL,3.35,6.18,4.47,5.23,,,,,,,,,,,,,,,,,,,,,,,,,,,,,,,,,,,,,,,
P20036213003,oligochaeta,3,BL,5.25,7.25,9.41,,,,,,,,,,,,,,,,,,,,,,,,,,,,,,,,,,,,,,,,
P20036213004,chironomidae,3,BL,8.41,5.25,6.15,,,,,,,,,,,,,,,,,,,,,,,,,,,,,,,,,,,,,,,,
P20036213004,chironomidae,3,HW,0.55,0.32,0.48,,,,,,,,,,,,,,,,,,,,,,,,,,,,,,,,,,,,,,,,
P20036213004,oligochaeta,3,BL,16.53,3.98,15.84,,,,,,,,,,,,,,,,,,,,,,,,,,,,,,,,,,,,,,,,
P20036213004,trichoptera,1,BL,13.16,,,,,,,,,,,,,,,,,,,,,,,,,,,,,,,,,,,,,,,,,,
P20036213004,trichoptera,1,HW,0.99,,,,,,,,,,,,,,,,,,,,,,,,,,,,,,,,,,,,,,,,,,
P20036213005,chironomidae,1,BL,21.74,,,,,,,,,,,,,,,,,,,,,,,,,,,,,,,,,,,,,,,,,,
P20036213005,chironomidae,1,HW,0.6,,,,,,,,,,,,,,,,,,,,,,,,,,,,,,,,,,,,,,,,,,
P20036213005,oligochaeta,5,BL,8.04,7.17,21.72,6.08,4.56,,,,,,,,,,,,,,,,,,,,,,,,,,,,,,,,,,,,,,
P20090205001,chironomidae,2,BL,4.63,6.68,,,,,,,,,,,,,,,,,,,,,,,,,,,,,,,,,,,,,,,,,
P20090205001,chironomidae,2,HW,0.29,0.4,,,,,,,,,,,,,,,,,,,,,,,,,,,,,,,,,,,,,,,,,
P20090205001,chaoboridae,1,ASL,0.42,,,,,,,,,,,,,,,,,,,,,,,,,,,,,,,,,,,,,,,,,,
P20090205001,chaoboridae,1,BL,7.28,,,,,,,,,,,,,,,,,,,,,,,,,,,,,,,,,,,,,,,,,,
P20090205001,oligochaeta,7,BL,2.45,1.81,2.49,2.21,3.53,5.43,2.24,,,,,,,,,,,,,,,,,,,,,,,,,,,,,,,,,,,,
P20090205002,sphaeriidae,2,SL,2.16,2.73,,,,,,,,,,,,,,,,,,,,,,,,,,,,,,,,,,,,,,,,,
P20090205002,chironomidae,2,BL,4.59,4.52,5.5,,,,,,,,,,,,,,,,,,,,,,,,,,,,,,,,,,,,,,,,
P20090205002,chironomidae,2,HW,0.33,0.35,0.36,,,,,,,,,,,,,,,,,,,,,,,,,,,,,,,,,,,,,,,,
P20090205002,oligochaeta,3,BL,2.96,3.55,4.06,,,,,,,,,,,,,,,,,,,,,,,,,,,,,,,,,,,,,,,,
P20090205003,sphaeriidae,1,SL,1.7,,,,,,,,,,,,,,,,,,,,,,,,,,,,,,,,,,,,,,,,,,
P20090205003,chironomidae,5,BL,4.79,3.62,4.53,6.24,7.18,,,,,,,,,,,,,,,,,,,,,,,,,,,,,,,,,,,,,,
P20090205003,chironomidae,5,HW,0.38,0.35,0.36,0.42,0.43,,,,,,,,,,,,,,,,,,,,,,,,,,,,,,,,,,,,,,
P20090205003,oligochaeta,NA,BL,NA,,,,,,,,,,,,,,,,,,,,,,,,,,,,,,,,,,,,,,,,,,
P20090205004,chironomidae,5,BL,5.39,3.1,4.12,3.25,4.2,,,,,,,,,,,,,,,,,,,,,,,,,,,,,,,,,,,,,,
P20090205004,chironomidae,5,HW,0.42,0.59,0.72,0.32,0.29,,,,,,,,,,,,,,,,,,,,,,,,,,,,,,,,,,,,,,
P20090205004,oligochaeta,2,BL,1.79,6.76,,,,,,,,,,,,,,,,,,,,,,,,,,,,,,,,,,,,,,,,,
P20090205005,chironomidae,NA,BL,NA,,,,,,,,,,,,,,,,,,,,,,,,,,,,,,,,,,,,,,,,,,
P20090205005,sphaeriidae,NA,SL,NA,,,,,,,,,,,,,,,,,,,,,,,,,,,,,,,,,,,,,,,,,,
P20090205005,oligochaeta,NA,BL,NA,,,,,,,,,,,,,,,,,,,,,,,,,,,,,,,,,,,,,,,,,,
P20105212001,chironomidae,3,BL,4.17,3.6,3.57,,,,,,,,,,,,,,,,,,,,,,,,,,,,,,,,,,,,,,,,
P20105212001,chironomidae,3,HW,0.27,0.26,0.41,,,,,,,,,,,,,,,,,,,,,,,,,,,,,,,,,,,,,,,,
P20105212001,hirudinea,1,BL,7.27,5.91,3.09,,,,,,,,,,,,,,,,,,,,,,,,,,,,,,,,,,,,,,,,
P20105212001,oligochaeta,1,BL,28.99,,,,,,,,,,,,,,,,,,,,,,,,,,,,,,,,,,,,,,,,,,
P20105212001,sialidae,5,BL,4.68,8.18,5.25,7.02,7.28,,,,,,,,,,,,,,,,,,,,,,,,,,,,,,,,,,,,,,
P20105212001,sialidae,5,HW,0.86,1.31,1.03,1.23,1.27,,,,,,,,,,,,,,,,,,,,,,,,,,,,,,,,,,,,,,
P20105212001,chironomidae,43,BL,18.51,20.02,7,7.2,26.11,4.57,23.11,6.5,3.58,5.13,6.52,5.07,19.29,7.29,6.6,22.17,4.55,4.25,6.45,6.65,21.58,8.8,4.28,4.61,4.44,7.14,4.21,4.6,6.88,6.07,5.61,4.17,6.22,5.08,5.26,5.99,6.3,6.62,6.03,6.11,7.15,5.11,4.16
P20105212001,chironomidae,43,HW,0.58,0.77,0.47,0.43,0.62,0.35,0.6,0.5,0.29,0.31,0.35,0.32,0.55,0.43,0.38,0.52,0.38,0.3,0.37,0.34,0.55,0.55,0.35,0.34,0.28,0.35,0.33,0.33,0.52,0.34,0.34,0.28,0.34,0.3,0.39,0.37,0.5,0.34,0.37,0.33,0.36,0.37,0.52
P20105212001,sphaeriidae,31,SL,3.14,2.83,2.34,2.66,2.89,2.65,2.32,3.26,3.4,3.27,1.87,1.72,3.31,2.8,1.97,2.65,2.85,3.11,1.98,1.7,1.66,1.48,1.58,2.21,1.53,1.6,1.74,1.53,1.54,1.57,1.73,,,,,,,,,,,,
P20105212001,gammaridae,1,BL,2.77,,,,,,,,,,,,,,,,,,,,,,,,,,,,,,,,,,,,,,,,,,
P20105212002,chironomidae,6,BL,4.94,5.76,5.76,4.15,5.32,5.89,,,,,,,,,,,,,,,,,,,,,,,,,,,,,,,,,,,,,
P20105212002,chironomidae,6,HW,0.35,0.36,0.38,0.34,0.3,0.37,,,,,,,,,,,,,,,,,,,,,,,,,,,,,,,,,,,,,
P20105212002,oligochaeta,8,BL,16.25,27.48,16.72,10.56,15.88,8.58,8.95,9.11,2.55,,,,,,,,,,,,,,,,,,,,,,,,,,,,,,,,,,
P20105212002,gammaridae,3,BL,4.24,1.64,2.42,2.37,,,,,,,,,,,,,,,,,,,,,,,,,,,,,,,,,,,,,,,
P20105212002,sphaeriidae,4,SL,2.16,1.34,3.22,3.08,,,,,,,,,,,,,,,,,,,,,,,,,,,,,,,,,,,,,,,
P20105212002,physidae,1,SL,4.03,,,,,,,,,,,,,,,,,,,,,,,,,,,,,,,,,,,,,,,,,,
P20105212002,physidae,1,AL,2.82,,,,,,,,,,,,,,,,,,,,,,,,,,,,,,,,,,,,,,,,,,
P20105212002,physidae,1,AW,1.4,,,,,,,,,,,,,,,,,,,,,,,,,,,,,,,,,,,,,,,,,,
P20105212002,ceratopogonidae,3,BL,13.11,12.24,7.01,,,,,,,,,,,,,,,,,,,,,,,,,,,,,,,,,,,,,,,,
P20105212002,ceratopogonidae,3,HW,0.36,0.3,0.33,,,,,,,,,,,,,,,,,,,,,,,,,,,,,,,,,,,,,,,,
P20113206001,chironomidae,17,BL,62.31,8.97,20.51,11.21,64.79,8.47,15.98,52.03,11.91,62.54,58.34,5.46,13.16,53.12,59.22,3.18,44.53,,,,,,,,,,,,,,,,,,,,,,,,,,
P20113206001,chironomidae,17,HW,0.66,0.48,0.68,0.48,0.64,0.22,0.53,0.57,0.54,0.58,0.58,0.35,0.53,0.62,0.65,0.36,0.58,,,,,,,,,,,,,,,,,,,,,,,,,,
P20113206001,oligochaeta,16,BL,13.37,10.64,9.75,6,3.98,9.5,10.56,21.74,8.12,19.84,8.74,3.39,4.47,3.12,3.85,3.97,,,,,,,,,,,,,,,,,,,,,,,,,,,
P20113206001,sphaeriidae,1,BL,8.76,,,,,,,,,,,,,,,,,,,,,,,,,,,,,,,,,,,,,,,,,,
P20113206003,chironomidae,15,BL,43.7,44.31,48.36,45.12,45.08,37.5,45.29,44.44,43.38,50.35,45.82,47.85,49.59,51.1,44.44,,,,,,,,,,,,,,,,,,,,,,,,,,,,
P20113206003,chironomidae,15,HW,0.57,0.62,0.66,0.58,0.55,0.55,0.57,0.53,0.65,0.53,0.77,0.46,0.63,0.54,0.53,,,,,,,,,,,,,,,,,,,,,,,,,,,,
P20113206003,oligochaeta,10,BL,7.11,4.08,4.52,3.04,4.72,4.19,3.84,3.26,4.39,4.26,,,,,,,,,,,,,,,,,,,,,,,,,,,,,,,,,
P20113206003,gammaridae,1,BL,4,,,,,,,,,,,,,,,,,,,,,,,,,,,,,,,,,,,,,,,,,,
P20113206003,sphaeriidae,1,SL,6.72,,,,,,,,,,,,,,,,,,,,,,,,,,,,,,,,,,,,,,,,,,
P20113206003,dreissenidae,15,SL,15.57,15.78,8.49,9.19,14.89,14.26,13.44,16.71,12.22,14.57,18.69,12.33,14.84,16.45,14.48,,,,,,,,,,,,,,,,,,,,,,,,,,,,
P20113206004,sphaeriidae,14,SL,6.07,1.76,2.69,2.23,2.27,3,3.26,3.28,1.6,2.22,2.14,2.44,2.07,2.63,,,,,,,,,,,,,,,,,,,,,,,,,,,,,
P20113206004,oligochaeta,6,BL,10.44,4.95,5.79,7.31,4.26,6.18,,,,,,,,,,,,,,,,,,,,,,,,,,,,,,,,,,,,,
P20113206004,chironomidae,2,BL,5.89,5.74,,,,,,,,,,,,,,,,,,,,,,,,,,,,,,,,,,,,,,,,,
P20113206004,chironomidae,2,HW,0.4,0.32,,,,,,,,,,,,,,,,,,,,,,,,,,,,,,,,,,,,,,,,,
P20113206005,sphaeriidae,8,SL,4.05,3.63,3.16,2.36,2.53,3.66,3.13,3.35,,,,,,,,,,,,,,,,,,,,,,,,,,,,,,,,,,,
P20113206005,oligochaeta,5,BL,11.94,18.9,15.94,8.88,5.98,,,,,,,,,,,,,,,,,,,,,,,,,,,,,,,,,,,,,,
P20113206005,chironomidae,15,BL,5.4,48.91,53.21,45.8,20.43,39.67,12.67,17.87,49.58,19.41,5.05,8.15,51.81,54.32,6.13,,,,,,,,,,,,,,,,,,,,,,,,,,,,
P20113206005,chironomidae,15,HW,0.39,0.54,0.6,0.51,0.48,0.58,0.57,0.56,0.72,0.42,0.28,0.21,0.59,0.6,0.26,,,,,,,,,,,,,,,,,,,,,,,,,,,,
P20113206005,trichoptera,1,BL,12.39,,,,,,,,,,,,,,,,,,,,,,,,,,,,,,,,,,,,,,,,,,
P20113206005,trichoptera,1,HW,0.99,,,,,,,,,,,,,,,,,,,,,,,,,,,,,,,,,,,,,,,,,,
P20113206005,sialidae,2,BL,12.13,13.75,,,,,,,,,,,,,,,,,,,,,,,,,,,,,,,,,,,,,,,,,
P20113206005,sialidae,2,HW,1.91,1.92,,,,,,,,,,,,,,,,,,,,,,,,,,,,,,,,,,,,,,,,,
P20113206005,dreissenidae,3,SL,6.05,5.4,5.42,,,,,,,,,,,,,,,,,,,,,,,,,,,,,,,,,,,,,,,,
P20406205001,chironomidae,1,BL,5.89,,,,,,,,,,,,,,,,,,,,,,,,,,,,,,,,,,,,,,,,,,
P20406205001,chironomidae,1,HW,0.74,,,,,,,,,,,,,,,,,,,,,,,,,,,,,,,,,,,,,,,,,,
P20406205001,oligochaeta,5,BL,1.85,3.29,17.59,3.95,3.38,,,,,,,,,,,,,,,,,,,,,,,,,,,,,,,,,,,,,,
P20406205002,chironomidae,5,BL,6.68,6.85,12.16,4.49,5.5,,,,,,,,,,,,,,,,,,,,,,,,,,,,,,,,,,,,,,
P20406205002,chironomidae,5,HW,0.34,0.32,0.39,0.36,0.35,,,,,,,,,,,,,,,,,,,,,,,,,,,,,,,,,,,,,,
P20406205002,oligochaeta,4,BL,3.61,2.51,4.39,5.96,,,,,,,,,,,,,,,,,,,,,,,,,,,,,,,,,,,,,,,
P20406205003,chironomidae,3,BL,6.37,5.59,4.97,,,,,,,,,,,,,,,,,,,,,,,,,,,,,,,,,,,,,,,,
P20406205003,chironomidae,3,HW,0.43,0.35,0.43,,,,,,,,,,,,,,,,,,,,,,,,,,,,,,,,,,,,,,,,
P20406205003,chaoboridae,1,ASL,0.49,,,,,,,,,,,,,,,,,,,,,,,,,,,,,,,,,,,,,,,,,,
P20406205003,chaoboridae,1,BL,NA,,,,,,,,,,,,,,,,,,,,,,,,,,,,,,,,,,,,,,,,,,
P20406205004,chironomidae,5,BL,5,7.6,3.93,10.18,9.43,,,,,,,,,,,,,,,,,,,,,,,,,,,,,,,,,,,,,,
P20406205004,chironomidae,5,HW,0.3,0.52,0.3,0.46,0.67,,,,,,,,,,,,,,,,,,,,,,,,,,,,,,,,,,,,,,
P20406205004,chaoboridae,1,ASL,0.52,,,,,,,,,,,,,,,,,,,,,,,,,,,,,,,,,,,,,,,,,,
P20406205004,chaoboridae,1,BL,8.79,,,,,,,,,,,,,,,,,,,,,,,,,,,,,,,,,,,,,,,,,,
